cidade_slug,cidade_origem,canal,indicador_id,mes_ref,meta
acarau-ce,ACARAU/CE,LOJA,instalacao,2026-01-01,36
acarau-ce,ACARAU/CE,PAP,instalacao,2026-01-01,54
acopiara-ce,ACOPIARA/CE,LOJA,instalacao,2026-01-01,38
acopiara-ce,ACOPIARA/CE,PAP,instalacao,2026-01-01,18
acu-rn,ACU/RN,DONO CIDADE - LOJAS,instalacao,2026-01-01,51
acu-rn,ACU/RN,LOJA,instalacao,2026-01-01,13
agua-nova-rn,AGUA NOVA/RN,PAP,instalacao,2026-01-01,18
alagoinhas-ba,ALAGOINHAS/BA,LOJA,instalacao,2026-01-01,40
altos-pi,ALTOS/PI,DONO CIDADE - LOJAS,instalacao,2026-01-01,24
apodi-rn,APODI/RN,PAP,instalacao,2026-01-01,32
aracaju-se,ARACAJU/SE,LOJA,instalacao,2026-01-01,63
arapiraca-al,ARAPIRACA/AL,LOJA,instalacao,2026-01-01,20
araripina-pe,ARARIPINA / PE,PAP,instalacao,2026-01-01,56
araripina-pe,ARARIPINA/PE,DONO CIDADE - LOJAS,instalacao,2026-01-01,30
arcoverde-pe,ARCOVERDE / PE,PAP,instalacao,2026-01-01,57
arcoverde-pe,ARCOVERDE/PE,LOJA,instalacao,2026-01-01,12
assu-rn,ASSU / RN,PAP,instalacao,2026-01-01,28
banabuiu-ce,BANABUIU/CE,LOJA,instalacao,2026-01-01,30
barauna-rn,BARAUNA/RN,LOJA,instalacao,2026-01-01,13
barbalha-ce,BARBALHA/CE,LOJA,instalacao,2026-01-01,25
barbalha-ce,BARBALHA/CE,PAP,instalacao,2026-01-01,17
bayeux-pb,BAYEUX / PB,PAP,instalacao,2026-01-01,150
bayeux-pb,BAYEUX/PB,DONO CIDADE - LOJAS,instalacao,2026-01-01,21
belo-jardim-pe,BELO JARDIM / PE,PAP,instalacao,2026-01-01,67
belo-jardim-pe,BELO JARDIM/PE,LOJA,instalacao,2026-01-01,32
bezerros-pe,BEZERROS/PE,LOJA,instalacao,2026-01-01,34
bezerros-pe,BEZERROS/PE,PAP,instalacao,2026-01-01,19
bom-conselho-pe,BOM CONSELHO/PE,4 J LOJAS,instalacao,2026-01-01,14
brejo-santo-ce,BREJO SANTO/CE,LOJA,instalacao,2026-01-01,16
brejo-santo-ce,BREJO SANTO/CE,PAP,instalacao,2026-01-01,54
brejo-santo-ce,BREJO SANTO/CE,QUIOSQUES,instalacao,2026-01-01,18
cabedelo-pb,CABEDELO / PB,PAP,instalacao,2026-01-01,30
cabedelo-pb,CABEDELO/PB,LOJA,instalacao,2026-01-01,20
cabo-de-santo-agostinho-pe,CABO DE SANTO AGOSTINHO/PE,LOJA,instalacao,2026-01-01,30
caico-rn,CAICO / RN,PAP,instalacao,2026-01-01,56
caico-rn,CAICO/RN,LOJA,instalacao,2026-01-01,35
cajazeiras-pb,CAJAZEIRAS / PB,PAP,instalacao,2026-01-01,75
cajazeiras-pb,CAJAZEIRAS/PB,LOJA,instalacao,2026-01-01,63
camacari-ba,CAMACARI/BA,LOJA,instalacao,2026-01-01,32
campina-grande-pb,CAMPINA GRANDE / PB,PAP,instalacao,2026-01-01,256
campina-grande-pb,CAMPINA GRANDE/PB,LOJA,instalacao,2026-01-01,63
campo-maior-pi,CAMPO MAIOR/PI,DONO CIDADE - LOJAS,instalacao,2026-01-01,18
caninde-ce,CANINDE/CE,LOJA,instalacao,2026-01-01,29
caninde-ce,CANINDE/CE,PAP,instalacao,2026-01-01,90
caruaru-pe,CARUARU / PE,PAP,instalacao,2026-01-01,344
caruaru-pe,CARUARU/PE,LOJA,instalacao,2026-01-01,24
cascavel-ce,CASCAVEL/CE,LOJA,instalacao,2026-01-01,17
cascavel-ce,CASCAVEL/CE,PAP,instalacao,2026-01-01,54
catole-do-rocha-pb,CATOLE DO ROCHA / PB,PAP,instalacao,2026-01-01,36
catole-do-rocha-pb,CATOLE DO ROCHA/PB,LOJA,instalacao,2026-01-01,24
catu-ba,CATU/BA,LOJA,instalacao,2026-01-01,12
caucaia-ce,CAUCAIA/CE,LOJA,instalacao,2026-01-01,38
caucaia-ce,CAUCAIA/CE,PAP,instalacao,2026-01-01,192
ceara-mirim-rn,CEARA-MIRIM/RN,LOJA,instalacao,2026-01-01,44
ceara-mirim-rn,CEARA-MIRIM/RN,PAP,instalacao,2026-01-01,28
cedro-ce,CEDRO/CE,LOJA,instalacao,2026-01-01,30
cedro-ce,CEDRO/CE,PAP,instalacao,2026-01-01,18
coronel-joao-pessoa-rn,CORONEL JOAO PESSOA/RN,PAP,instalacao,2026-01-01,15
crateus-ce,CRATEUS/CE,DONO CIDADE - LOJAS,instalacao,2026-01-01,25
crateus-ce,CRATEUS/CE,PAP,instalacao,2026-01-01,112
crato-ce,CRATO/CE,LOJA,instalacao,2026-01-01,34
crato-ce,CRATO/CE,PAP,instalacao,2026-01-01,140
custodia-pe,CUSTODIA / PE,PAP,instalacao,2026-01-01,31
custodia-pe,CUSTODIA/PE,LOJA,instalacao,2026-01-01,34
delmiro-gouveia-al,DELMIRO GOUVEIA/AL,4 J LOJAS,instalacao,2026-01-01,28
dias-d-avila-ba,DIAS D'AVILA/BA,LOJA,instalacao,2026-01-01,32
escada-pe,ESCADA/PE,LOJA,instalacao,2026-01-01,24
estancia-se,ESTANCIA/SE,LOJA,instalacao,2026-01-01,25
eusebio-ce,EUSEBIO/CE,LOJA,instalacao,2026-01-01,30
eusebio-ce,EUSEBIO/CE,PAP,instalacao,2026-01-01,82
extremoz-rn,EXTREMOZ/RN,PAP,instalacao,2026-01-01,101
feira-de-santana-ba,FEIRA DE SANTANA/BA,LOJA,instalacao,2026-01-01,20
fortaleza-ce,FORTALEZA / CE,NGC,instalacao,2026-01-01,97
fortaleza-ce,FORTALEZA / CE,PAP,instalacao,2026-01-01,1066
fortaleza-ce,FORTALEZA/CE,LOJA,instalacao,2026-01-01,49
garanhuns-pe,GARANHUNS/PE,LOJA,instalacao,2026-01-01,60
gravata-pe,GRAVATA / PE,PAP,instalacao,2026-01-01,72
gravata-pe,GRAVATA/PE,LOJA,instalacao,2026-01-01,32
guaraciaba-do-norte-ce,GUARACIABA DO NORTE/CE,DONO CIDADE - LOJAS,instalacao,2026-01-01,30
guaraciaba-do-norte-ce,GUARACIABA DO NORTE/CE,PAP,instalacao,2026-01-01,28
horizonte-ce,HORIZONTE / CE,PAP,instalacao,2026-01-01,112
horizonte-ce,HORIZONTE/CE,LOJA,instalacao,2026-01-01,65
ibiapina-ce,IBIAPINA/CE,DONO CIDADE - LOJAS,instalacao,2026-01-01,10
ico-ce,ICO / CE,PAP,instalacao,2026-01-01,36
ico-ce,ICO/CE,LOJA,instalacao,2026-01-01,96
iguatu-ce,IGUATU / CE,PAP,instalacao,2026-01-01,98
iguatu-ce,IGUATU/CE,LOJA,instalacao,2026-01-01,102
ipu-ce,IPU/CE,DONO CIDADE - LOJAS,instalacao,2026-01-01,34
ipu-ce,IPU/CE,PAP,instalacao,2026-01-01,29
iracema-ce,IRACEMA/CE,DONO CIDADE - LOJAS,instalacao,2026-01-01,22
iracema-ce,IRACEMA/CE,PAP,instalacao,2026-01-01,15
itaitinga-ce,ITAITINGA/CE,PAP,instalacao,2026-01-01,30
itapaje-ce,ITAPAJE/CE,LOJA,instalacao,2026-01-01,19
itapaje-ce,ITAPAJE/CE,PAP,instalacao,2026-01-01,26
itapaje-ce,ITAPAJE/CE,QUIOSQUES,instalacao,2026-01-01,18
itapipoca-ce,ITAPIPOCA / CE,PAP,instalacao,2026-01-01,84
itapipoca-ce,ITAPIPOCA/CE,LOJA,instalacao,2026-01-01,54
itapipoca-ce,ITAPIPOCA/CE,QUIOSQUES,instalacao,2026-01-01,28
jaboatao-dos-guararapes-pe,JABOATAO DOS GUARARAPES/PE,LOJA,instalacao,2026-01-01,22
jaguaretama-ce,JAGUARETAMA/CE,DONO CIDADE - LOJAS,instalacao,2026-01-01,17
jaguaretama-ce,JAGUARETAMA/CE,PAP,instalacao,2026-01-01,17
jaguaribara-ce,JAGUARIBARA/CE,PAP,instalacao,2026-01-01,18
jaguaribe-ce,JAGUARIBE / CE,PAP,instalacao,2026-01-01,72
jaguaribe-ce,JAGUARIBE/CE,DONO CIDADE - LOJAS,instalacao,2026-01-01,54
jeremoabo-ba,JEREMOABO/BA,4 J LOJAS,instalacao,2026-01-01,18
joao-pessoa-pb,JOAO PESSOA / PB,NGC,instalacao,2026-01-01,225
joao-pessoa-pb,JOAO PESSOA / PB,PAP,instalacao,2026-01-01,544
joao-pessoa-pb,JOAO PESSOA/PB,LOJA,instalacao,2026-01-01,94
juazeiro-ba,JUAZEIRO / BA,PAP,instalacao,2026-01-01,210
juazeiro-do-norte-ce,JUAZEIRO DO NORTE / CE,PAP,instalacao,2026-01-01,481
juazeiro-do-norte-ce,JUAZEIRO DO NORTE/CE,LOJA,instalacao,2026-01-01,236
juazeiro-ba,JUAZEIRO/BA,DONO CIDADE - LOJAS,instalacao,2026-01-01,10
lagarto-se,LAGARTO/SE,LOJA,instalacao,2026-01-01,13
lavras-da-mangabeira-ce,LAVRAS DA MANGABEIRA / CE,PAP,instalacao,2026-01-01,36
lavras-da-mangabeira-ce,LAVRAS DA MANGABEIRA/CE,LOJA,instalacao,2026-01-01,32
limoeiro-do-norte-ce,LIMOEIRO DO NORTE / CE,PAP,instalacao,2026-01-01,72
limoeiro-do-norte-ce,LIMOEIRO DO NORTE/CE,DONO CIDADE - LOJAS,instalacao,2026-01-01,48
limoeiro-pe,LIMOEIRO/PE,LOJA,instalacao,2026-01-01,18
luis-correia-pi,LUIS CORREIA / PI,PAP,instalacao,2026-01-01,28
macaiba-rn,MACAIBA/RN,LOJA,instalacao,2026-01-01,23
macaiba-rn,MACAIBA/RN,PAP,instalacao,2026-01-01,117
macau-rn,MACAU / RN,PAP,instalacao,2026-01-01,30
macau-rn,MACAU / RN,QUIOSQUES,instalacao,2026-01-01,30
maceio-al,MACEIO/AL,LOJA,instalacao,2026-01-01,20
major-sales-rn,MAJOR SALES/RN,DONO CIDADE - LOJAS,instalacao,2026-01-01,30
major-sales-rn,MAJOR SALES/RN,PAP,instalacao,2026-01-01,14
maracanau-ce,MARACANAU / CE,PAP,instalacao,2026-01-01,224
maracanau-ce,MARACANAU/CE,LOJA,instalacao,2026-01-01,60
maranguape-ce,MARANGUAPE / CE,PAP,instalacao,2026-01-01,262
maranguape-ce,MARANGUAPE/CE,LOJA,instalacao,2026-01-01,34
milagres-ce,MILAGRES/CE,LOJA,instalacao,2026-01-01,41
milagres-ce,MILAGRES/CE,PAP,instalacao,2026-01-01,18
missao-velha-ce,MISSAO VELHA/CE,LOJA,instalacao,2026-01-01,42
missao-velha-ce,MISSAO VELHA/CE,PAP,instalacao,2026-01-01,18
mombaca-ce,MOMBACA/CE,LOJA,instalacao,2026-01-01,20
mombaca-ce,MOMBACA/CE,PAP,instalacao,2026-01-01,36
morada-nova-ce,MORADA NOVA/CE,DONO CIDADE - LOJAS,instalacao,2026-01-01,36
morada-nova-ce,MORADA NOVA/CE,PAP,instalacao,2026-01-01,54
mossoro-rn,MOSSORO / RN,PAP,instalacao,2026-01-01,359
mossoro-rn,MOSSORO/RN,LOJA,instalacao,2026-01-01,39
natal-rn,NATAL / RN,NGC,instalacao,2026-01-01,313
natal-rn,NATAL / RN,PAP,instalacao,2026-01-01,646
natal-rn,NATAL/RN,LOJA,instalacao,2026-01-01,116
nisia-floresta-rn,NISIA FLORESTA/RN,PAP,instalacao,2026-01-01,36
nossa-senhora-do-socorro-se,NOSSA SENHORA DO SOCORRO/SE,LOJA,instalacao,2026-01-01,28
olho-d-agua-das-flores-al,OLHO D'AGUA DAS FLORES/AL,4 J LOJAS,instalacao,2026-01-01,16
oros-ce,OROS/CE,LOJA,instalacao,2026-01-01,14
oros-ce,OROS/CE,PAP,instalacao,2026-01-01,18
ouricuri-pe,OURICURI / PE,PAP,instalacao,2026-01-01,84
ouricuri-pe,OURICURI/PE,DONO CIDADE - LOJAS,instalacao,2026-01-01,28
pacajus-ce,PACAJUS / CE,PAP,instalacao,2026-01-01,112
pacajus-ce,PACAJUS/CE,LOJA,instalacao,2026-01-01,30
palmeira-dos-indios-al,PALMEIRA DOS INDIOS/AL,LOJA,instalacao,2026-01-01,23
paraipaba-ce,PARAIPABA/CE,LOJA,instalacao,2026-01-01,19
paraipaba-ce,PARAIPABA/CE,PAP,instalacao,2026-01-01,56
parnaiba-pi,PARNAIBA / PI,PAP,instalacao,2026-01-01,301
parnaiba-pi,PARNAIBA/PI,DONO CIDADE - LOJAS,instalacao,2026-01-01,25
parnamirim-rn,PARNAMIRIM / RN,PAP,instalacao,2026-01-01,193
parnamirim-rn,PARNAMIRIM/RN,DONO CIDADE - LOJAS,instalacao,2026-01-01,92
patos-pb,PATOS / PB,PAP,instalacao,2026-01-01,150
patos-pb,PATOS/PB,LOJA,instalacao,2026-01-01,60
patos-pb,PATOS/PB,QUIOSQUES,instalacao,2026-01-01,30
pau-dos-ferros-rn,PAU DOS FERROS/RN,DONO CIDADE - LOJAS,instalacao,2026-01-01,54
pau-dos-ferros-rn,PAU DOS FERROS/RN,PAP,instalacao,2026-01-01,19
pau-dos-ferros-rn,PAU DOS FERROS/RN,QUIOSQUES,instalacao,2026-01-01,18
paulista-pe,PAULISTA/PE,LOJA,instalacao,2026-01-01,24
paulo-afonso-ba,PAULO AFONSO/BA,4 J LOJAS,instalacao,2026-01-01,18
pedra-branca-ce,PEDRA BRANCA/CE,LOJA,instalacao,2026-01-01,21
pedra-branca-ce,PEDRA BRANCA/CE,PAP,instalacao,2026-01-01,18
pereiro-ce,PEREIRO/CE,DONO CIDADE - LOJAS,instalacao,2026-01-01,10
pereiro-ce,PEREIRO/CE,ONLINE,instalacao,2026-01-01,2244
pesqueira-pe,PESQUEIRA/PE,LOJA,instalacao,2026-01-01,12
pesqueira-pe,PESQUEIRA/PE,PAP,instalacao,2026-01-01,1
petrolina-pe,PETROLINA / PE,PAP,instalacao,2026-01-01,225
petrolina-pe,PETROLINA/PE,DONO CIDADE - LOJAS,instalacao,2026-01-01,26
picos-pi,PICOS/PI,DONO CIDADE - LOJAS,instalacao,2026-01-01,8
piranhas-al,PIRANHAS/AL,4 J LOJAS,instalacao,2026-01-01,3
piripiri-pi,PIRIPIRI/PI,DONO CIDADE - LOJAS,instalacao,2026-01-01,22
pombal-pb,POMBAL/PB,LOJA,instalacao,2026-01-01,14
pombal-pb,POMBAL/PB,PAP,instalacao,2026-01-01,36
quixada-ce,QUIXADA / CE,PAP,instalacao,2026-01-01,112
quixada-ce,QUIXADA/CE,DONO CIDADE - LOJAS,instalacao,2026-01-01,76
quixeramobim-ce,QUIXERAMOBIM / CE,PAP,instalacao,2026-01-01,52
quixeramobim-ce,QUIXERAMOBIM/CE,DONO CIDADE - LOJAS,instalacao,2026-01-01,46
quixeramobim-ce,QUIXERAMOBIM/CE,QUIOSQUES,instalacao,2026-01-01,28
quixere-ce,QUIXERE/CE,LOJA,instalacao,2026-01-01,20
quixere-ce,QUIXERE/CE,PAP,instalacao,2026-01-01,36
rafael-fernandes-rn,RAFAEL FERNANDES/RN,PAP,instalacao,2026-01-01,15
ribeira-do-pombal-ba,RIBEIRA DO POMBAL/BA,LOJA,instalacao,2026-01-01,12
rio-largo-al,RIO LARGO/AL,LOJA,instalacao,2026-01-01,56
russas-ce,RUSSAS / CE,PAP,instalacao,2026-01-01,72
russas-ce,RUSSAS/CE,DONO CIDADE - LOJAS,instalacao,2026-01-01,36
salgueiro-pe,SALGUEIRO / PE,PAP,instalacao,2026-01-01,28
salgueiro-pe,SALGUEIRO/PE,DONO CIDADE - LOJAS,instalacao,2026-01-01,12
santa-cruz-do-capibaribe-pe,SANTA CRUZ DO CAPIBARIBE/PE,LOJA,instalacao,2026-01-01,17
santa-luzia-pb,SANTA LUZIA/PB,LOJA,instalacao,2026-01-01,22
santa-luzia-pb,SANTA LUZIA/PB,PAP,instalacao,2026-01-01,28
santa-rita-pb,SANTA RITA / PB,PAP,instalacao,2026-01-01,180
santa-rita-pb,SANTA RITA/PB,LOJA,instalacao,2026-01-01,26
santo-amaro-ba,SANTO AMARO/BA,LOJA,instalacao,2026-01-01,13
sao-benedito-ce,SAO BENEDITO/CE,DONO CIDADE - LOJAS,instalacao,2026-01-01,30
sao-benedito-ce,SAO BENEDITO/CE,PAP,instalacao,2026-01-01,18
sao-bento-pb,SAO BENTO/PB,DONO CIDADE - LOJAS,instalacao,2026-01-01,22
sao-goncalo-do-amarante-rn,SAO GONCALO DO AMARANTE/RN,PAP,instalacao,2026-01-01,60
sao-jose-de-mipibu-rn,SAO JOSE DE MIPIBU / RN,PAP,instalacao,2026-01-01,18
sao-jose-de-mipibu-rn,SAO JOSE DE MIPIBU/RN,LOJA,instalacao,2026-01-01,28
sao-miguel-rn,SAO MIGUEL / RN,PAP,instalacao,2026-01-01,19
sao-miguel-dos-campos-al,SAO MIGUEL DOS CAMPOS/AL,LOJA,instalacao,2026-01-01,32
sao-miguel-rn,SAO MIGUEL/RN,DONO CIDADE - LOJAS,instalacao,2026-01-01,39
sao-miguel-rn,SAO MIGUEL/RN,QUIOSQUES,instalacao,2026-01-01,18
senador-pompeu-ce,SENADOR POMPEU/CE,LOJA,instalacao,2026-01-01,40
senador-pompeu-ce,SENADOR POMPEU/CE,PAP,instalacao,2026-01-01,23
serra-talhada-pe,SERRA TALHADA / PE,PAP,instalacao,2026-01-01,84
serra-talhada-pe,SERRA TALHADA/PE,LOJA,instalacao,2026-01-01,16
sobral-ce,SOBRAL / CE,PAP,instalacao,2026-01-01,319
sobral-ce,SOBRAL/CE,4 J LOJAS,instalacao,2026-01-01,7
sobral-ce,SOBRAL/CE,LOJA,instalacao,2026-01-01,60
sousa-pb,SOUSA/PB,LOJA,instalacao,2026-01-01,73
sousa-pb,SOUSA/PB,PAP,instalacao,2026-01-01,56
surubim-pe,SURUBIM/PE,LOJA,instalacao,2026-01-01,20
tabuleiro-do-norte-ce,TABULEIRO DO NORTE / CE,PAP,instalacao,2026-01-01,18
tabuleiro-do-norte-ce,TABULEIRO DO NORTE/CE,LOJA,instalacao,2026-01-01,34
taua-ce,TAUA/CE,LOJA,instalacao,2026-01-01,48
taua-ce,TAUA/CE,PAP,instalacao,2026-01-01,36
teresina-pi,TERESINA / PI,PAP,instalacao,2026-01-01,694
teresina-pi,TERESINA/PI,LOJA,instalacao,2026-01-01,68
tiangua-ce,TIANGUA / CE,PAP,instalacao,2026-01-01,84
tiangua-ce,TIANGUA/CE,DONO CIDADE - LOJAS,instalacao,2026-01-01,36
timon-ma,TIMON / MA,PAP,instalacao,2026-01-01,210
timon-ma,TIMON/MA,LOJA,instalacao,2026-01-01,17
tobias-barreto-se,TOBIAS BARRETO/SE,LOJA,instalacao,2026-01-01,20
toritama-pe,TORITAMA / PE,PAP,instalacao,2026-01-01,112
toritama-pe,TORITAMA/PE,LOJA,instalacao,2026-01-01,16
ubajara-ce,UBAJARA/CE,DONO CIDADE - LOJAS,instalacao,2026-01-01,16
uirauna-pb,UIRAUNA / PB,PAP,instalacao,2026-01-01,36
uirauna-pb,UIRAUNA/PB,DONO CIDADE - LOJAS,instalacao,2026-01-01,12
umarizal-rn,UMARIZAL/RN,DONO CIDADE - LOJAS,instalacao,2026-01-01,12
varzea-alegre-ce,VARZEA ALEGRE/CE,LOJA,instalacao,2026-01-01,45
varzea-alegre-ce,VARZEA ALEGRE/CE,PAP,instalacao,2026-01-01,36
vicosa-do-ceara-ce,VICOSA DO CEARA/CE,DONO CIDADE - LOJAS,instalacao,2026-01-01,32
vitoria-de-santo-antao-pe,VITORIA DE SANTO ANTAO/PE,LOJA,instalacao,2026-01-01,32
acarau-ce,ACARAU / CE,PAP,instalacao,2026-02-01,72
acarau-ce,ACARAU/CE,LOJA,instalacao,2026-02-01,34
acopiara-ce,ACOPIARA/CE,LOJA,instalacao,2026-02-01,30
acopiara-ce,ACOPIARA/CE,PAP,instalacao,2026-02-01,36
acu-rn,ACU/RN,DONO CIDADE - LOJAS,instalacao,2026-02-01,51
acu-rn,ACU/RN,PAP,instalacao,2026-02-01,28
agua-nova-rn,AGUA NOVA/RN,PAP,instalacao,2026-02-01,18
alagoinhas-ba,ALAGOINHAS/BA,LOJA,instalacao,2026-02-01,36
altos-pi,ALTOS/PI,DONO CIDADE - LOJAS,instalacao,2026-02-01,30
aracaju-se,ARACAJU/SE,LOJA,instalacao,2026-02-01,42
arapiraca-al,ARAPIRACA/AL,LOJA,instalacao,2026-02-01,22
araripina-pe,ARARIPINA/PE,DONO CIDADE - LOJAS,instalacao,2026-02-01,24
araripina-pe,ARARIPINA/PE,PAP,instalacao,2026-02-01,56
arcoverde-pe,ARCOVERDE / PE,PAP,instalacao,2026-02-01,83
arcoverde-pe,ARCOVERDE/PE,LOJA,instalacao,2026-02-01,18
assu-rn,ASSU / RN,PAP,instalacao,2026-02-01,28
banabuiu-ce,BANABUIU/CE,LOJA,instalacao,2026-02-01,24
barauna-rn,BARAUNA/RN,LOJA,instalacao,2026-02-01,13
barbalha-ce,BARBALHA/CE,LOJA,instalacao,2026-02-01,31
barbalha-ce,BARBALHA/CE,PAP,instalacao,2026-02-01,18
bayeux-pb,BAYEUX/PB,DONO CIDADE - LOJAS,instalacao,2026-02-01,34
bayeux-pb,BAYEUX/PB,PAP,instalacao,2026-02-01,120
belo-jardim-pe,BELO JARDIM / PE,PAP,instalacao,2026-02-01,56
belo-jardim-pe,BELO JARDIM/PE,LOJA,instalacao,2026-02-01,28
bezerros-pe,BEZERROS/PE,LOJA,instalacao,2026-02-01,32
bezerros-pe,BEZERROS/PE,PAP,instalacao,2026-02-01,35
bom-conselho-pe,BOM CONSELHO/PE,4 J LOJAS,instalacao,2026-02-01,16
brejo-santo-ce,BREJO SANTO/CE,LOJA,instalacao,2026-02-01,18
brejo-santo-ce,BREJO SANTO/CE,PAP,instalacao,2026-02-01,54
brejo-santo-ce,BREJO SANTO/CE,QUIOSQUES,instalacao,2026-02-01,18
cabedelo-pb,CABEDELO / PB,PAP,instalacao,2026-02-01,73
cabedelo-pb,CABEDELO/PB,LOJA,instalacao,2026-02-01,20
cabo-de-santo-agostinho-pe,CABO DE SANTO AGOSTINHO/PE,LOJA,instalacao,2026-02-01,32
caico-rn,CAICO/RN,LOJA,instalacao,2026-02-01,36
caico-rn,CAICO/RN,PAP,instalacao,2026-02-01,28
cajazeiras-pb,CAJAZEIRAS/PB,LOJA,instalacao,2026-02-01,36
cajazeiras-pb,CAJAZEIRAS/PB,PAP,instalacao,2026-02-01,50
camacari-ba,CAMACARI/BA,LOJA,instalacao,2026-02-01,34
campina-grande-pb,CAMPINA GRANDE / PB,PAP,instalacao,2026-02-01,256
campina-grande-pb,CAMPINA GRANDE/PB,LOJA,instalacao,2026-02-01,54
campo-maior-pi,CAMPO MAIOR/PI,DONO CIDADE - LOJAS,instalacao,2026-02-01,10
caninde-ce,CANINDE/CE,LOJA,instalacao,2026-02-01,26
caninde-ce,CANINDE/CE,PAP,instalacao,2026-02-01,90
caruaru-pe,CARUARU / PE,PAP,instalacao,2026-02-01,448
caruaru-pe,CARUARU/PE,LOJA,instalacao,2026-02-01,23
cascavel-ce,CASCAVEL/CE,LOJA,instalacao,2026-02-01,32
cascavel-ce,CASCAVEL/CE,PAP,instalacao,2026-02-01,54
catole-do-rocha-pb,CATOLE DO ROCHA / PB,PAP,instalacao,2026-02-01,54
catole-do-rocha-pb,CATOLE DO ROCHA/PB,LOJA,instalacao,2026-02-01,30
catu-ba,CATU/BA,LOJA,instalacao,2026-02-01,13
caucaia-ce,CAUCAIA/CE,LOJA,instalacao,2026-02-01,38
caucaia-ce,CAUCAIA/CE,PAP,instalacao,2026-02-01,192
ceara-mirim-rn,CEARA-MIRIM/RN,LOJA,instalacao,2026-02-01,46
ceara-mirim-rn,CEARA-MIRIM/RN,PAP,instalacao,2026-02-01,84
cedro-ce,CEDRO/CE,LOJA,instalacao,2026-02-01,28
cedro-ce,CEDRO/CE,PAP,instalacao,2026-02-01,18
coronel-joao-pessoa-rn,CORONEL JOAO PESSOA/RN,PAP,instalacao,2026-02-01,15
crateus-ce,CRATEUS/CE,DONO CIDADE - LOJAS,instalacao,2026-02-01,26
crateus-ce,CRATEUS/CE,PAP,instalacao,2026-02-01,112
crato-ce,CRATO/CE,LOJA,instalacao,2026-02-01,28
crato-ce,CRATO/CE,PAP,instalacao,2026-02-01,140
custodia-pe,CUSTODIA / PE,PAP,instalacao,2026-02-01,36
custodia-pe,CUSTODIA/PE,LOJA,instalacao,2026-02-01,28
delmiro-gouveia-al,DELMIRO GOUVEIA/AL,4 J LOJAS,instalacao,2026-02-01,24
dias-d-avila-ba,DIAS D'AVILA/BA,LOJA,instalacao,2026-02-01,34
encanto-rn,ENCANTO/RN,PAP,instalacao,2026-02-01,12
escada-pe,ESCADA/PE,LOJA,instalacao,2026-02-01,22
estancia-se,ESTANCIA/SE,LOJA,instalacao,2026-02-01,24
eusebio-ce,EUSEBIO/CE,LOJA,instalacao,2026-02-01,32
eusebio-ce,EUSEBIO/CE,PAP,instalacao,2026-02-01,90
extremoz-rn,EXTREMOZ/RN,PAP,instalacao,2026-02-01,112
feira-de-santana-ba,FEIRA DE SANTANA/BA,LOJA,instalacao,2026-02-01,26
fortaleza-ce,FORTALEZA / CE,NGC,instalacao,2026-02-01,95
fortaleza-ce,FORTALEZA / CE,PAP,instalacao,2026-02-01,1360
fortaleza-ce,FORTALEZA / CE,QUIOSQUES,instalacao,2026-02-01,24
fortaleza-ce,FORTALEZA/CE,LOJA,instalacao,2026-02-01,65
garanhuns-pe,GARANHUNS/PE,LOJA,instalacao,2026-02-01,35
gravata-pe,GRAVATA / PE,PAP,instalacao,2026-02-01,72
gravata-pe,GRAVATA/PE,LOJA,instalacao,2026-02-01,28
guaraciaba-do-norte-ce,GUARACIABA DO NORTE/CE,DONO CIDADE - LOJAS,instalacao,2026-02-01,18
guaraciaba-do-norte-ce,GUARACIABA DO NORTE/CE,PAP,instalacao,2026-02-01,28
horizonte-ce,HORIZONTE / CE,PAP,instalacao,2026-02-01,129
horizonte-ce,HORIZONTE/CE,LOJA,instalacao,2026-02-01,42
ibiapina-ce,IBIAPINA/CE,DONO CIDADE - LOJAS,instalacao,2026-02-01,10
ico-ce,ICO / CE,PAP,instalacao,2026-02-01,36
ico-ce,ICO/CE,LOJA,instalacao,2026-02-01,66
iguatu-ce,IGUATU/CE,LOJA,instalacao,2026-02-01,78
iguatu-ce,IGUATU/CE,PAP,instalacao,2026-02-01,120
ipu-ce,IPU / CE,PAP,instalacao,2026-02-01,83
ipu-ce,IPU/CE,DONO CIDADE - LOJAS,instalacao,2026-02-01,36
iracema-ce,IRACEMA/CE,DONO CIDADE - LOJAS,instalacao,2026-02-01,26
iracema-ce,IRACEMA/CE,PAP,instalacao,2026-02-01,15
itabaiana-se,ITABAIANA/SE,LOJA,instalacao,2026-02-01,9
itaitinga-ce,ITAITINGA/CE,PAP,instalacao,2026-02-01,30
itapaje-ce,ITAPAJE/CE,LOJA,instalacao,2026-02-01,13
itapaje-ce,ITAPAJE/CE,PAP,instalacao,2026-02-01,36
itapaje-ce,ITAPAJE/CE,QUIOSQUES,instalacao,2026-02-01,18
itapipoca-ce,ITAPIPOCA / CE,PAP,instalacao,2026-02-01,112
itapipoca-ce,ITAPIPOCA/CE,LOJA,instalacao,2026-02-01,51
itapipoca-ce,ITAPIPOCA/CE,QUIOSQUES,instalacao,2026-02-01,28
jaboatao-dos-guararapes-pe,JABOATAO DOS GUARARAPES/PE,LOJA,instalacao,2026-02-01,23
jaguaretama-ce,JAGUARETAMA/CE,DONO CIDADE - LOJAS,instalacao,2026-02-01,20
jaguaretama-ce,JAGUARETAMA/CE,PAP,instalacao,2026-02-01,18
jaguaribara-ce,JAGUARIBARA/CE,PAP,instalacao,2026-02-01,18
jaguaribe-ce,JAGUARIBE/CE,DONO CIDADE - LOJAS,instalacao,2026-02-01,51
jaguaribe-ce,JAGUARIBE/CE,PAP,instalacao,2026-02-01,54
jeremoabo-ba,JEREMOABO/BA,4 J LOJAS,instalacao,2026-02-01,20
joao-pessoa-pb,JOAO PESSOA / PB,NGC,instalacao,2026-02-01,275
joao-pessoa-pb,JOAO PESSOA / PB,PAP,instalacao,2026-02-01,552
joao-pessoa-pb,JOAO PESSOA/PB,LOJA,instalacao,2026-02-01,94
juazeiro-do-norte-ce,JUAZEIRO DO NORTE / CE,PAP,instalacao,2026-02-01,457
juazeiro-do-norte-ce,JUAZEIRO DO NORTE/CE,LOJA,instalacao,2026-02-01,214
juazeiro-ba,JUAZEIRO/BA,DONO CIDADE - LOJAS,instalacao,2026-02-01,18
juazeiro-ba,JUAZEIRO/BA,PAP,instalacao,2026-02-01,184
lagarto-se,LAGARTO/SE,LOJA,instalacao,2026-02-01,13
lavras-da-mangabeira-ce,LAVRAS DA MANGABEIRA / CE,PAP,instalacao,2026-02-01,36
lavras-da-mangabeira-ce,LAVRAS DA MANGABEIRA/CE,LOJA,instalacao,2026-02-01,28
limoeiro-do-norte-ce,LIMOEIRO DO NORTE / CE,PAP,instalacao,2026-02-01,54
limoeiro-do-norte-ce,LIMOEIRO DO NORTE/CE,DONO CIDADE - LOJAS,instalacao,2026-02-01,54
limoeiro-pe,LIMOEIRO/PE,LOJA,instalacao,2026-02-01,18
luis-correia-pi,LUIS CORREIA / PI,PAP,instalacao,2026-02-01,28
macaiba-rn,MACAIBA/RN,LOJA,instalacao,2026-02-01,22
macaiba-rn,MACAIBA/RN,PAP,instalacao,2026-02-01,143
macau-rn,MACAU / RN,PAP,instalacao,2026-02-01,30
macau-rn,MACAU / RN,QUIOSQUES,instalacao,2026-02-01,30
maceio-al,MACEIO/AL,LOJA,instalacao,2026-02-01,21
major-sales-rn,MAJOR SALES/RN,DONO CIDADE - LOJAS,instalacao,2026-02-01,32
major-sales-rn,MAJOR SALES/RN,PAP,instalacao,2026-02-01,28
maracanau-ce,MARACANAU / CE,PAP,instalacao,2026-02-01,224
maracanau-ce,MARACANAU/CE,LOJA,instalacao,2026-02-01,36
maracanau-ce,MARACANAU/CE,QUIOSQUES,instalacao,2026-02-01,36
maranguape-ce,MARANGUAPE / CE,PAP,instalacao,2026-02-01,232
maranguape-ce,MARANGUAPE / CE,QUIOSQUES,instalacao,2026-02-01,12
maranguape-ce,MARANGUAPE/CE,LOJA,instalacao,2026-02-01,30
milagres-ce,MILAGRES/CE,LOJA,instalacao,2026-02-01,34
milagres-ce,MILAGRES/CE,PAP,instalacao,2026-02-01,10
missao-velha-ce,MISSAO VELHA/CE,LOJA,instalacao,2026-02-01,19
missao-velha-ce,MISSAO VELHA/CE,PAP,instalacao,2026-02-01,18
mombaca-ce,MOMBACA/CE,LOJA,instalacao,2026-02-01,20
mombaca-ce,MOMBACA/CE,PAP,instalacao,2026-02-01,36
morada-nova-ce,MORADA NOVA/CE,DONO CIDADE - LOJAS,instalacao,2026-02-01,19
morada-nova-ce,MORADA NOVA/CE,PAP,instalacao,2026-02-01,54
mossoro-rn,MOSSORO / RN,PAP,instalacao,2026-02-01,320
mossoro-rn,MOSSORO/RN,LOJA,instalacao,2026-02-01,56
natal-rn,NATAL / RN,NGC,instalacao,2026-02-01,312
natal-rn,NATAL / RN,PAP,instalacao,2026-02-01,696
natal-rn,NATAL/RN,LOJA,instalacao,2026-02-01,105
nisia-floresta-rn,NISIA FLORESTA/RN,PAP,instalacao,2026-02-01,36
nossa-senhora-do-socorro-se,NOSSA SENHORA DO SOCORRO/SE,LOJA,instalacao,2026-02-01,30
olho-d-agua-das-flores-al,OLHO D'AGUA DAS FLORES/AL,4 J LOJAS,instalacao,2026-02-01,18
oros-ce,OROS/CE,LOJA,instalacao,2026-02-01,15
oros-ce,OROS/CE,PAP,instalacao,2026-02-01,18
ouricuri-pe,OURICURI/PE,DONO CIDADE - LOJAS,instalacao,2026-02-01,24
ouricuri-pe,OURICURI/PE,PAP,instalacao,2026-02-01,56
pacajus-ce,PACAJUS / CE,PAP,instalacao,2026-02-01,112
pacajus-ce,PACAJUS/CE,LOJA,instalacao,2026-02-01,32
palmeira-dos-indios-al,PALMEIRA DOS INDIOS/AL,LOJA,instalacao,2026-02-01,21
paracuru-ce,PARACURU/CE,PAP,instalacao,2026-02-01,28
paraipaba-ce,PARAIPABA/CE,LOJA,instalacao,2026-02-01,19
paraipaba-ce,PARAIPABA/CE,PAP,instalacao,2026-02-01,84
parnaiba-pi,PARNAIBA / PI,PAP,instalacao,2026-02-01,348
parnaiba-pi,PARNAIBA/PI,DONO CIDADE - LOJAS,instalacao,2026-02-01,20
parnamirim-rn,PARNAMIRIM / RN,PAP,instalacao,2026-02-01,263
parnamirim-rn,PARNAMIRIM/RN,DONO CIDADE - LOJAS,instalacao,2026-02-01,92
patos-pb,PATOS / PB,PAP,instalacao,2026-02-01,150
patos-pb,PATOS/PB,LOJA,instalacao,2026-02-01,80
pau-dos-ferros-rn,PAU DOS FERROS/RN,DONO CIDADE - LOJAS,instalacao,2026-02-01,60
pau-dos-ferros-rn,PAU DOS FERROS/RN,PAP,instalacao,2026-02-01,53
paulista-pe,PAULISTA/PE,LOJA,instalacao,2026-02-01,16
paulo-afonso-ba,PAULO AFONSO/BA,4 J LOJAS,instalacao,2026-02-01,14
pedra-branca-ce,PEDRA BRANCA/CE,LOJA,instalacao,2026-02-01,12
pedra-branca-ce,PEDRA BRANCA/CE,PAP,instalacao,2026-02-01,18
pereiro-ce,PEREIRO/CE,DONO CIDADE - LOJAS,instalacao,2026-02-01,18
pereiro-ce,PEREIRO/CE,ONLINE,instalacao,2026-02-01,2195
pesqueira-pe,PESQUEIRA/PE,LOJA,instalacao,2026-02-01,11
pesqueira-pe,PESQUEIRA/PE,PAP,instalacao,2026-02-01,27
petrolina-pe,PETROLINA/PE,DONO CIDADE - LOJAS,instalacao,2026-02-01,30
petrolina-pe,PETROLINA/PE,PAP,instalacao,2026-02-01,223
picos-pi,PICOS/PI,DONO CIDADE - LOJAS,instalacao,2026-02-01,10
piranhas-al,PIRANHAS/AL,4 J LOJAS,instalacao,2026-02-01,8
piripiri-pi,PIRIPIRI/PI,DONO CIDADE - LOJAS,instalacao,2026-02-01,22
pombal-pb,POMBAL/PB,LOJA,instalacao,2026-02-01,20
pombal-pb,POMBAL/PB,PAP,instalacao,2026-02-01,36
quixada-ce,QUIXADA / CE,PAP,instalacao,2026-02-01,140
quixada-ce,QUIXADA/CE,DONO CIDADE - LOJAS,instalacao,2026-02-01,49
quixeramobim-ce,QUIXERAMOBIM/CE,DONO CIDADE - LOJAS,instalacao,2026-02-01,42
quixeramobim-ce,QUIXERAMOBIM/CE,PAP,instalacao,2026-02-01,83
quixere-ce,QUIXERE/CE,LOJA,instalacao,2026-02-01,22
quixere-ce,QUIXERE/CE,PAP,instalacao,2026-02-01,36
rafael-fernandes-rn,RAFAEL FERNANDES/RN,PAP,instalacao,2026-02-01,15
ribeira-do-pombal-ba,RIBEIRA DO POMBAL/BA,LOJA,instalacao,2026-02-01,16
rio-largo-al,RIO LARGO/AL,LOJA,instalacao,2026-02-01,57
russas-ce,RUSSAS / CE,PAP,instalacao,2026-02-01,72
russas-ce,RUSSAS/CE,DONO CIDADE - LOJAS,instalacao,2026-02-01,32
salgueiro-pe,SALGUEIRO / PE,PAP,instalacao,2026-02-01,28
salgueiro-pe,SALGUEIRO/PE,DONO CIDADE - LOJAS,instalacao,2026-02-01,14
santa-cruz-do-capibaribe-pe,SANTA CRUZ DO CAPIBARIBE/PE,LOJA,instalacao,2026-02-01,17
santa-luzia-pb,SANTA LUZIA/PB,LOJA,instalacao,2026-02-01,13
santa-luzia-pb,SANTA LUZIA/PB,PAP,instalacao,2026-02-01,28
santa-rita-pb,SANTA RITA / PB,PAP,instalacao,2026-02-01,180
santa-rita-pb,SANTA RITA/PB,LOJA,instalacao,2026-02-01,30
santo-amaro-ba,SANTO AMARO/BA,LOJA,instalacao,2026-02-01,14
sao-benedito-ce,SAO BENEDITO/CE,DONO CIDADE - LOJAS,instalacao,2026-02-01,32
sao-benedito-ce,SAO BENEDITO/CE,PAP,instalacao,2026-02-01,18
sao-bento-pb,SAO BENTO/PB,DONO CIDADE - LOJAS,instalacao,2026-02-01,24
sao-goncalo-do-amarante-rn,SAO GONCALO DO AMARANTE / RN,PAP,instalacao,2026-02-01,96
sao-jose-de-mipibu-rn,SAO JOSE DE MIPIBU/RN,LOJA,instalacao,2026-02-01,26
sao-jose-de-mipibu-rn,SAO JOSE DE MIPIBU/RN,PAP,instalacao,2026-02-01,18
sao-miguel-rn,SAO MIGUEL / RN,PAP,instalacao,2026-02-01,53
sao-miguel-dos-campos-al,SAO MIGUEL DOS CAMPOS/AL,LOJA,instalacao,2026-02-01,34
sao-miguel-rn,SAO MIGUEL/RN,DONO CIDADE - LOJAS,instalacao,2026-02-01,42
senador-pompeu-ce,SENADOR POMPEU/CE,LOJA,instalacao,2026-02-01,36
senador-pompeu-ce,SENADOR POMPEU/CE,PAP,instalacao,2026-02-01,36
serra-talhada-pe,SERRA TALHADA / PE,PAP,instalacao,2026-02-01,84
serra-talhada-pe,SERRA TALHADA/PE,LOJA,instalacao,2026-02-01,34
sobral-ce,SOBRAL / CE,PAP,instalacao,2026-02-01,288
sobral-ce,SOBRAL/CE,4 J LOJAS,instalacao,2026-02-01,8
sobral-ce,SOBRAL/CE,LOJA,instalacao,2026-02-01,62
sousa-pb,SOUSA / PB,PAP,instalacao,2026-02-01,84
sousa-pb,SOUSA/PB,LOJA,instalacao,2026-02-01,60
surubim-pe,SURUBIM/PE,LOJA,instalacao,2026-02-01,18
tabuleiro-do-norte-ce,TABULEIRO DO NORTE / CE,PAP,instalacao,2026-02-01,36
tabuleiro-do-norte-ce,TABULEIRO DO NORTE/CE,LOJA,instalacao,2026-02-01,32
taua-ce,TAUA/CE,LOJA,instalacao,2026-02-01,40
taua-ce,TAUA/CE,PAP,instalacao,2026-02-01,36
teresina-pi,TERESINA / PI,PAP,instalacao,2026-02-01,710
teresina-pi,TERESINA/PI,LOJA,instalacao,2026-02-01,48
tiangua-ce,TIANGUA/CE,DONO CIDADE - LOJAS,instalacao,2026-02-01,32
tiangua-ce,TIANGUA/CE,PAP,instalacao,2026-02-01,56
timon-ma,TIMON / MA,PAP,instalacao,2026-02-01,280
timon-ma,TIMON/MA,LOJA,instalacao,2026-02-01,30
tobias-barreto-se,TOBIAS BARRETO/SE,LOJA,instalacao,2026-02-01,24
toritama-pe,TORITAMA / PE,PAP,instalacao,2026-02-01,112
toritama-pe,TORITAMA/PE,LOJA,instalacao,2026-02-01,10
ubajara-ce,UBAJARA/CE,DONO CIDADE - LOJAS,instalacao,2026-02-01,20
ubajara-ce,UBAJARA/CE,PAP,instalacao,2026-02-01,18
uirauna-pb,UIRAUNA/PB,DONO CIDADE - LOJAS,instalacao,2026-02-01,14
uirauna-pb,UIRAUNA/PB,PAP,instalacao,2026-02-01,18
umarizal-rn,UMARIZAL / RN,PAP,instalacao,2026-02-01,18
umarizal-rn,UMARIZAL/RN,DONO CIDADE - LOJAS,instalacao,2026-02-01,8
varzea-alegre-ce,VARZEA ALEGRE/CE,LOJA,instalacao,2026-02-01,48
varzea-alegre-ce,VARZEA ALEGRE/CE,PAP,instalacao,2026-02-01,24
vicosa-do-ceara-ce,VICOSA DO CEARA/CE,DONO CIDADE - LOJAS,instalacao,2026-02-01,32
vitoria-de-santo-antao-pe,VITORIA DE SANTO ANTAO/PE,LOJA,instalacao,2026-02-01,32
acarau-ce,ACARAU/CE,LOJA,instalacao,2026-03-01,24
acarau-ce,ACARAU/CE,PAP,instalacao,2026-03-01,36
acopiara-ce,ACOPIARA/CE,LOJA,instalacao,2026-03-01,24
acopiara-ce,ACOPIARA/CE,PAP,instalacao,2026-03-01,36
acu-rn,ACU/RN,DONO CIDADE - LOJAS,instalacao,2026-03-01,42
acu-rn,ACU/RN,LOJA,instalacao,2026-03-01,14
acu-rn,ACU/RN,PAP,instalacao,2026-03-01,36
agua-nova-rn,AGUA NOVA/RN,PAP,instalacao,2026-03-01,12
araripina-pe,ARARIPINA/PE,DONO CIDADE - LOJAS,instalacao,2026-03-01,12
araripina-pe,ARARIPINA/PE,PAP,instalacao,2026-03-01,40
arcoverde-pe,ARCOVERDE / PE,PAP,instalacao,2026-03-01,60
arcoverde-pe,ARCOVERDE/PE,LOJA,instalacao,2026-03-01,6
assu-rn,ASSU / RN,PAP,instalacao,2026-03-01,18
banabuiu-ce,BANABUIU/CE,LOJA,instalacao,2026-03-01,24
barauna-rn,BARAUNA/RN,LOJA,instalacao,2026-03-01,12
barbalha-ce,BARBALHA/CE,LOJA,instalacao,2026-03-01,28
barbalha-ce,BARBALHA/CE,PAP,instalacao,2026-03-01,18
bayeux-pb,BAYEUX/PB,DONO CIDADE - LOJAS,instalacao,2026-03-01,28
bayeux-pb,BAYEUX/PB,PAP,instalacao,2026-03-01,150
belo-jardim-pe,BELO JARDIM / PE,PAP,instalacao,2026-03-01,20
belo-jardim-pe,BELO JARDIM/PE,LOJA,instalacao,2026-03-01,24
bezerros-pe,BEZERROS/PE,LOJA,instalacao,2026-03-01,12
bezerros-pe,BEZERROS/PE,PAP,instalacao,2026-03-01,36
brejo-santo-ce,BREJO SANTO/CE,LOJA,instalacao,2026-03-01,12
brejo-santo-ce,BREJO SANTO/CE,PAP,instalacao,2026-03-01,54
brejo-santo-ce,BREJO SANTO/CE,QUIOSQUES,instalacao,2026-03-01,18
cabedelo-pb,CABEDELO / PB,PAP,instalacao,2026-03-01,90
cabedelo-pb,CABEDELO/PB,LOJA,instalacao,2026-03-01,24
caico-rn,CAICO/RN,LOJA,instalacao,2026-03-01,24
caico-rn,CAICO/RN,PAP,instalacao,2026-03-01,20
cajazeiras-pb,CAJAZEIRAS/PB,LOJA,instalacao,2026-03-01,24
cajazeiras-pb,CAJAZEIRAS/PB,PAP,instalacao,2026-03-01,36
campina-grande-pb,CAMPINA GRANDE / PB,PAP,instalacao,2026-03-01,270
campina-grande-pb,CAMPINA GRANDE/PB,LOJA,instalacao,2026-03-01,42
caninde-ce,CANINDE/CE,LOJA,instalacao,2026-03-01,28
caninde-ce,CANINDE/CE,PAP,instalacao,2026-03-01,78
caruaru-pe,CARUARU / PE,PAP,instalacao,2026-03-01,389
caruaru-pe,CARUARU/PE,LOJA,instalacao,2026-03-01,14
cascavel-ce,CASCAVEL / CE,PAP,instalacao,2026-03-01,72
cascavel-ce,CASCAVEL/CE,LOJA,instalacao,2026-03-01,24
catole-do-rocha-pb,CATOLE DO ROCHA/PB,LOJA,instalacao,2026-03-01,24
catole-do-rocha-pb,CATOLE DO ROCHA/PB,PAP,instalacao,2026-03-01,36
caucaia-ce,CAUCAIA/CE,LOJA,instalacao,2026-03-01,28
caucaia-ce,CAUCAIA/CE,PAP,instalacao,2026-03-01,192
caucaia-ce,CAUCAIA/CE,QUIOSQUE LOJA,instalacao,2026-03-01,15
ceara-mirim-rn,CEARA-MIRIM/RN,LOJA,instalacao,2026-03-01,28
ceara-mirim-rn,CEARA-MIRIM/RN,PAP,instalacao,2026-03-01,40
cedro-ce,CEDRO/CE,LOJA,instalacao,2026-03-01,24
cedro-ce,CEDRO/CE,PAP,instalacao,2026-03-01,18
chorozinho-ce,CHOROZINHO/CE,PAP,instalacao,2026-03-01,32
coronel-joao-pessoa-rn,CORONEL JOAO PESSOA/RN,PAP,instalacao,2026-03-01,10
crateus-ce,CRATEUS/CE,DONO CIDADE - LOJAS,instalacao,2026-03-01,24
crateus-ce,CRATEUS/CE,PAP,instalacao,2026-03-01,60
crato-ce,CRATO/CE,LOJA,instalacao,2026-03-01,28
crato-ce,CRATO/CE,PAP,instalacao,2026-03-01,112
custodia-pe,CUSTODIA / PE,PAP,instalacao,2026-03-01,18
custodia-pe,CUSTODIA/PE,LOJA,instalacao,2026-03-01,24
encanto-rn,ENCANTO/RN,PAP,instalacao,2026-03-01,10
eusebio-ce,EUSEBIO/CE,LOJA,instalacao,2026-03-01,24
eusebio-ce,EUSEBIO/CE,PAP,instalacao,2026-03-01,60
extremoz-rn,EXTREMOZ/RN,PAP,instalacao,2026-03-01,80
fortaleza-ce,FORTALEZA / CE,NGC,instalacao,2026-03-01,204
fortaleza-ce,FORTALEZA / CE,PAP,instalacao,2026-03-01,1244
fortaleza-ce,FORTALEZA/CE,LOJA,instalacao,2026-03-01,56
fortaleza-ce,FORTALEZA/CE,QUIOSQUE LOJA,instalacao,2026-03-01,120
gravata-pe,GRAVATA / PE,PAP,instalacao,2026-03-01,72
gravata-pe,GRAVATA/PE,LOJA,instalacao,2026-03-01,24
guaraciaba-do-norte-ce,GUARACIABA DO NORTE/CE,DONO CIDADE - LOJAS,instalacao,2026-03-01,24
guaraciaba-do-norte-ce,GUARACIABA DO NORTE/CE,PAP,instalacao,2026-03-01,20
horizonte-ce,HORIZONTE / CE,PAP,instalacao,2026-03-01,140
horizonte-ce,HORIZONTE/CE,LOJA,instalacao,2026-03-01,42
ibiapina-ce,IBIAPINA/CE,DONO CIDADE - LOJAS,instalacao,2026-03-01,12
ico-ce,ICO / CE,PAP,instalacao,2026-03-01,36
ico-ce,ICO/CE,LOJA,instalacao,2026-03-01,42
iguatu-ce,IGUATU/CE,LOJA,instalacao,2026-03-01,42
iguatu-ce,IGUATU/CE,PAP,instalacao,2026-03-01,120
ipu-ce,IPU / CE,PAP,instalacao,2026-03-01,60
ipu-ce,IPU/CE,DONO CIDADE - LOJAS,instalacao,2026-03-01,24
iracema-ce,IRACEMA/CE,DONO CIDADE - LOJAS,instalacao,2026-03-01,24
iracema-ce,IRACEMA/CE,PAP,instalacao,2026-03-01,15
itaitinga-ce,ITAITINGA/CE,PAP,instalacao,2026-03-01,30
itapaje-ce,ITAPAJE/CE,PAP,instalacao,2026-03-01,42
itapipoca-ce,ITAPIPOCA / CE,PAP,instalacao,2026-03-01,120
itapipoca-ce,ITAPIPOCA/CE,LOJA,instalacao,2026-03-01,36
jaguaretama-ce,JAGUARETAMA/CE,DONO CIDADE - LOJAS,instalacao,2026-03-01,24
jaguaretama-ce,JAGUARETAMA/CE,PAP,instalacao,2026-03-01,15
jaguaribara-ce,JAGUARIBARA/CE,PAP,instalacao,2026-03-01,15
jaguaribe-ce,JAGUARIBE/CE,DONO CIDADE - LOJAS,instalacao,2026-03-01,36
jaguaribe-ce,JAGUARIBE/CE,PAP,instalacao,2026-03-01,45
joao-pessoa-pb,JOAO PESSOA / PB,NGC,instalacao,2026-03-01,261
joao-pessoa-pb,JOAO PESSOA / PB,PAP,instalacao,2026-03-01,606
joao-pessoa-pb,JOAO PESSOA/PB,LOJA,instalacao,2026-03-01,56
juazeiro-ba,JUAZEIRO / BA,PAP,instalacao,2026-03-01,215
juazeiro-do-norte-ce,JUAZEIRO DO NORTE / CE,PAP,instalacao,2026-03-01,360
juazeiro-do-norte-ce,JUAZEIRO DO NORTE/CE,LOJA,instalacao,2026-03-01,112
juazeiro-ba,JUAZEIRO/BA,DONO CIDADE - LOJAS,instalacao,2026-03-01,12
lavras-da-mangabeira-ce,LAVRAS DA MANGABEIRA / CE,PAP,instalacao,2026-03-01,30
lavras-da-mangabeira-ce,LAVRAS DA MANGABEIRA/CE,LOJA,instalacao,2026-03-01,24
limoeiro-do-norte-ce,LIMOEIRO DO NORTE / CE,PAP,instalacao,2026-03-01,54
limoeiro-do-norte-ce,LIMOEIRO DO NORTE/CE,DONO CIDADE - LOJAS,instalacao,2026-03-01,36
macaiba-rn,MACAIBA/RN,LOJA,instalacao,2026-03-01,14
macaiba-rn,MACAIBA/RN,PAP,instalacao,2026-03-01,98
macau-rn,MACAU / RN,PAP,instalacao,2026-03-01,13
macau-rn,MACAU / RN,QUIOSQUES,instalacao,2026-03-01,30
major-sales-rn,MAJOR SALES/RN,DONO CIDADE - LOJAS,instalacao,2026-03-01,24
major-sales-rn,MAJOR SALES/RN,PAP,instalacao,2026-03-01,10
maracanau-ce,MARACANAU / CE,PAP,instalacao,2026-03-01,192
maracanau-ce,MARACANAU/CE,LOJA,instalacao,2026-03-01,48
maracanau-ce,MARACANAU/CE,QUIOSQUES,instalacao,2026-03-01,32
maranguape-ce,MARANGUAPE/CE,LOJA,instalacao,2026-03-01,28
maranguape-ce,MARANGUAPE/CE,PAP,instalacao,2026-03-01,160
milagres-ce,MILAGRES/CE,LOJA,instalacao,2026-03-01,24
milagres-ce,MILAGRES/CE,PAP,instalacao,2026-03-01,6
missao-velha-ce,MISSAO VELHA/CE,LOJA,instalacao,2026-03-01,24
missao-velha-ce,MISSAO VELHA/CE,PAP,instalacao,2026-03-01,9
mombaca-ce,MOMBACA/CE,LOJA,instalacao,2026-03-01,24
mombaca-ce,MOMBACA/CE,PAP,instalacao,2026-03-01,36
morada-nova-ce,MORADA NOVA/CE,DONO CIDADE - LOJAS,instalacao,2026-03-01,24
morada-nova-ce,MORADA NOVA/CE,PAP,instalacao,2026-03-01,36
mossoro-rn,MOSSORO / RN,PAP,instalacao,2026-03-01,224
mossoro-rn,MOSSORO/RN,LOJA,instalacao,2026-03-01,42
mucambo-ce,MUCAMBO/CE,PAP,instalacao,2026-03-01,3
natal-rn,NATAL / RN,NGC,instalacao,2026-03-01,314
natal-rn,NATAL / RN,PAP,instalacao,2026-03-01,576
natal-rn,NATAL/RN,LOJA,instalacao,2026-03-01,98
natal-rn,NATAL/RN,QUIOSQUE LOJA,instalacao,2026-03-01,45
nisia-floresta-rn,NISIA FLORESTA/RN,PAP,instalacao,2026-03-01,18
oros-ce,OROS/CE,LOJA,instalacao,2026-03-01,24
oros-ce,OROS/CE,PAP,instalacao,2026-03-01,15
ouricuri-pe,OURICURI/PE,DONO CIDADE - LOJAS,instalacao,2026-03-01,24
ouricuri-pe,OURICURI/PE,PAP,instalacao,2026-03-01,40
pacajus-ce,PACAJUS / CE,PAP,instalacao,2026-03-01,66
pacajus-ce,PACAJUS/CE,LOJA,instalacao,2026-03-01,14
paraipaba-ce,PARAIPABA/CE,LOJA,instalacao,2026-03-01,12
paraipaba-ce,PARAIPABA/CE,PAP,instalacao,2026-03-01,60
parnaiba-pi,PARNAIBA / PI,PAP,instalacao,2026-03-01,298
parnaiba-pi,PARNAIBA/PI,DONO CIDADE - LOJAS,instalacao,2026-03-01,28
parnamirim-rn,PARNAMIRIM/RN,DONO CIDADE - LOJAS,instalacao,2026-03-01,70
parnamirim-rn,PARNAMIRIM/RN,PAP,instalacao,2026-03-01,256
patos-pb,PATOS / PB,PAP,instalacao,2026-03-01,150
patos-pb,PATOS/PB,LOJA,instalacao,2026-03-01,56
pau-dos-ferros-rn,PAU DOS FERROS/RN,DONO CIDADE - LOJAS,instalacao,2026-03-01,36
pau-dos-ferros-rn,PAU DOS FERROS/RN,PAP,instalacao,2026-03-01,12
pedra-branca-ce,PEDRA BRANCA/CE,LOJA,instalacao,2026-03-01,12
pedra-branca-ce,PEDRA BRANCA/CE,PAP,instalacao,2026-03-01,18
pereiro-ce,PEREIRO/CE,DONO CIDADE - LOJAS,instalacao,2026-03-01,24
pereiro-ce,PEREIRO/CE,ONLINE,instalacao,2026-03-01,2719
pesqueira-pe,PESQUEIRA/PE,LOJA,instalacao,2026-03-01,12
pesqueira-pe,PESQUEIRA/PE,PAP,instalacao,2026-03-01,31
petrolina-pe,PETROLINA/PE,DONO CIDADE - LOJAS,instalacao,2026-03-01,24
petrolina-pe,PETROLINA/PE,PAP,instalacao,2026-03-01,192
pombal-pb,POMBAL/PB,LOJA,instalacao,2026-03-01,24
pombal-pb,POMBAL/PB,PAP,instalacao,2026-03-01,45
quixada-ce,QUIXADA / CE,PAP,instalacao,2026-03-01,100
quixada-ce,QUIXADA/CE,DONO CIDADE - LOJAS,instalacao,2026-03-01,42
quixeramobim-ce,QUIXERAMOBIM/CE,DONO CIDADE - LOJAS,instalacao,2026-03-01,14
quixeramobim-ce,QUIXERAMOBIM/CE,PAP,instalacao,2026-03-01,60
quixere-ce,QUIXERE/CE,LOJA,instalacao,2026-03-01,24
quixere-ce,QUIXERE/CE,PAP,instalacao,2026-03-01,36
rafael-fernandes-rn,RAFAEL FERNANDES/RN,PAP,instalacao,2026-03-01,15
russas-ce,RUSSAS/CE,DONO CIDADE - LOJAS,instalacao,2026-03-01,12
russas-ce,RUSSAS/CE,PAP,instalacao,2026-03-01,54
salgueiro-pe,SALGUEIRO / PE,PAP,instalacao,2026-03-01,32
salgueiro-pe,SALGUEIRO/PE,DONO CIDADE - LOJAS,instalacao,2026-03-01,12
santa-luzia-pb,SANTA LUZIA/PB,LOJA,instalacao,2026-03-01,24
santa-luzia-pb,SANTA LUZIA/PB,PAP,instalacao,2026-03-01,20
santa-rita-pb,SANTA RITA / PB,PAP,instalacao,2026-03-01,180
santa-rita-pb,SANTA RITA/PB,LOJA,instalacao,2026-03-01,28
sao-benedito-ce,SAO BENEDITO/CE,DONO CIDADE - LOJAS,instalacao,2026-03-01,12
sao-benedito-ce,SAO BENEDITO/CE,PAP,instalacao,2026-03-01,18
sao-bento-pb,SAO BENTO/PB,DONO CIDADE - LOJAS,instalacao,2026-03-01,24
sao-goncalo-do-amarante-rn,SAO GONCALO DO AMARANTE/RN,PAP,instalacao,2026-03-01,64
sao-jose-de-mipibu-rn,SAO JOSE DE MIPIBU/RN,LOJA,instalacao,2026-03-01,24
sao-jose-de-mipibu-rn,SAO JOSE DE MIPIBU/RN,PAP,instalacao,2026-03-01,18
sao-miguel-rn,SAO MIGUEL/RN,DONO CIDADE - LOJAS,instalacao,2026-03-01,36
sao-miguel-rn,SAO MIGUEL/RN,PAP,instalacao,2026-03-01,24
senador-pompeu-ce,SENADOR POMPEU/CE,LOJA,instalacao,2026-03-01,24
senador-pompeu-ce,SENADOR POMPEU/CE,PAP,instalacao,2026-03-01,36
serra-talhada-pe,SERRA TALHADA / PE,PAP,instalacao,2026-03-01,51
serra-talhada-pe,SERRA TALHADA/PE,LOJA,instalacao,2026-03-01,24
sobral-ce,SOBRAL / CE,PAP,instalacao,2026-03-01,256
sobral-ce,SOBRAL/CE,LOJA,instalacao,2026-03-01,56
sousa-pb,SOUSA/PB,LOJA,instalacao,2026-03-01,28
sousa-pb,SOUSA/PB,PAP,instalacao,2026-03-01,40
tabuleiro-do-norte-ce,TABULEIRO DO NORTE / CE,PAP,instalacao,2026-03-01,36
tabuleiro-do-norte-ce,TABULEIRO DO NORTE/CE,LOJA,instalacao,2026-03-01,24
taua-ce,TAUA/CE,LOJA,instalacao,2026-03-01,24
taua-ce,TAUA/CE,PAP,instalacao,2026-03-01,36
teresina-pi,TERESINA / PI,PAP,instalacao,2026-03-01,723
teresina-pi,TERESINA/PI,LOJA,instalacao,2026-03-01,56
tiangua-ce,TIANGUA/CE,DONO CIDADE - LOJAS,instalacao,2026-03-01,24
tiangua-ce,TIANGUA/CE,PAP,instalacao,2026-03-01,40
timon-ma,TIMON / MA,PAP,instalacao,2026-03-01,256
timon-ma,TIMON/MA,LOJA,instalacao,2026-03-01,24
toritama-pe,TORITAMA/PE,LOJA,instalacao,2026-03-01,12
toritama-pe,TORITAMA/PE,PAP,instalacao,2026-03-01,84
ubajara-ce,UBAJARA/CE,DONO CIDADE - LOJAS,instalacao,2026-03-01,24
ubajara-ce,UBAJARA/CE,PAP,instalacao,2026-03-01,18
uirauna-pb,UIRAUNA/PB,DONO CIDADE - LOJAS,instalacao,2026-03-01,24
uirauna-pb,UIRAUNA/PB,PAP,instalacao,2026-03-01,18
umarizal-rn,UMARIZAL / RN,PAP,instalacao,2026-03-01,18
umarizal-rn,UMARIZAL/RN,DONO CIDADE - LOJAS,instalacao,2026-03-01,18
varzea-alegre-ce,VARZEA ALEGRE/CE,LOJA,instalacao,2026-03-01,36
varzea-alegre-ce,VARZEA ALEGRE/CE,PAP,instalacao,2026-03-01,36
acarau-ce,ACARAU/CE,LOJA,instalacao,2026-04-01,24
acarau-ce,ACARAU/CE,PAP,instalacao,2026-04-01,15
acopiara-ce,ACOPIARA/CE,LOJA,instalacao,2026-04-01,24
acopiara-ce,ACOPIARA/CE,PAP,instalacao,2026-04-01,20
acu-rn,ACU/RN,DONO CIDADE - LOJAS,instalacao,2026-04-01,42
acu-rn,ACU/RN,LOJA,instalacao,2026-04-01,14
acu-rn,ACU/RN,PAP,instalacao,2026-04-01,30
agua-nova-rn,AGUA NOVA/RN,PAP,instalacao,2026-04-01,10
araripina-pe,ARARIPINA/PE,DONO CIDADE - LOJAS,instalacao,2026-04-01,24
araripina-pe,ARARIPINA/PE,PAP,instalacao,2026-04-01,30
arcoverde-pe,ARCOVERDE / PE,PAP,instalacao,2026-04-01,45
arcoverde-pe,ARCOVERDE/PE,LOJA,instalacao,2026-04-01,12
assu-rn,ASSU / RN,PAP,instalacao,2026-04-01,15
banabuiu-ce,BANABUIU/CE,LOJA,instalacao,2026-04-01,24
banabuiu-ce,BANABUIU/CE,PAP,instalacao,2026-04-01,5
barbalha-ce,BARBALHA / CE,PAP,instalacao,2026-04-01,20
barbalha-ce,BARBALHA/CE,LOJA,instalacao,2026-04-01,28
bayeux-pb,BAYEUX/PB,DONO CIDADE - LOJAS,instalacao,2026-04-01,28
bayeux-pb,BAYEUX/PB,PAP,instalacao,2026-04-01,150
belo-jardim-pe,BELO JARDIM / PE,PAP,instalacao,2026-04-01,7
belo-jardim-pe,BELO JARDIM/PE,LOJA,instalacao,2026-04-01,12
bezerros-pe,BEZERROS/PE,LOJA,instalacao,2026-04-01,24
bezerros-pe,BEZERROS/PE,PAP,instalacao,2026-04-01,30
brejo-santo-ce,BREJO SANTO/CE,LOJA,instalacao,2026-04-01,12
brejo-santo-ce,BREJO SANTO/CE,PAP,instalacao,2026-04-01,40
cabedelo-pb,CABEDELO/PB,LOJA,instalacao,2026-04-01,24
cabedelo-pb,CABEDELO/PB,PAP,instalacao,2026-04-01,50
caico-rn,CAICO/RN,LOJA,instalacao,2026-04-01,24
caico-rn,CAICO/RN,PAP,instalacao,2026-04-01,30
cajazeiras-pb,CAJAZEIRAS/PB,LOJA,instalacao,2026-04-01,36
cajazeiras-pb,CAJAZEIRAS/PB,PAP,instalacao,2026-04-01,60
campina-grande-pb,CAMPINA GRANDE / PB,PAP,instalacao,2026-04-01,225
campina-grande-pb,CAMPINA GRANDE/PB,LOJA,instalacao,2026-04-01,28
caninde-ce,CANINDE/CE,LOJA,instalacao,2026-04-01,28
caninde-ce,CANINDE/CE,PAP,instalacao,2026-04-01,64
caruaru-pe,CARUARU / PE,PAP,instalacao,2026-04-01,274
caruaru-pe,CARUARU/PE,LOJA,instalacao,2026-04-01,14
cascavel-ce,CASCAVEL/CE,LOJA,instalacao,2026-04-01,24
cascavel-ce,CASCAVEL/CE,PAP,instalacao,2026-04-01,45
catole-do-rocha-pb,CATOLE DO ROCHA/PB,LOJA,instalacao,2026-04-01,24
catole-do-rocha-pb,CATOLE DO ROCHA/PB,PAP,instalacao,2026-04-01,20
caucaia-ce,CAUCAIA/CE,LOJA,instalacao,2026-04-01,14
caucaia-ce,CAUCAIA/CE,PAP,instalacao,2026-04-01,174
caucaia-ce,CAUCAIA/CE,QUIOSQUE LOJA,instalacao,2026-04-01,10
ceara-mirim-rn,CEARA-MIRIM/RN,LOJA,instalacao,2026-04-01,28
ceara-mirim-rn,CEARA-MIRIM/RN,PAP,instalacao,2026-04-01,30
cedro-ce,CEDRO/CE,LOJA,instalacao,2026-04-01,24
cedro-ce,CEDRO/CE,PAP,instalacao,2026-04-01,10
coronel-joao-pessoa-rn,CORONEL JOAO PESSOA/RN,PAP,instalacao,2026-04-01,5
crateus-ce,CRATEUS/CE,DONO CIDADE - LOJAS,instalacao,2026-04-01,12
crateus-ce,CRATEUS/CE,PAP,instalacao,2026-04-01,24
crato-ce,CRATO/CE,LOJA,instalacao,2026-04-01,28
crato-ce,CRATO/CE,PAP,instalacao,2026-04-01,100
custodia-pe,CUSTODIA / PE,PAP,instalacao,2026-04-01,28
custodia-pe,CUSTODIA/PE,LOJA,instalacao,2026-04-01,24
encanto-rn,ENCANTO/RN,PAP,instalacao,2026-04-01,5
eusebio-ce,EUSEBIO/CE,LOJA,instalacao,2026-04-01,24
eusebio-ce,EUSEBIO/CE,PAP,instalacao,2026-04-01,56
extremoz-rn,EXTREMOZ/RN,LOJA,instalacao,2026-04-01,12
extremoz-rn,EXTREMOZ/RN,PAP,instalacao,2026-04-01,50
fortaleza-ce,FORTALEZA / CE,NGC,instalacao,2026-04-01,250
fortaleza-ce,FORTALEZA / CE,PAP,instalacao,2026-04-01,1247
fortaleza-ce,FORTALEZA/CE,LOJA,instalacao,2026-04-01,70
fortaleza-ce,FORTALEZA/CE,QUIOSQUE LOJA,instalacao,2026-04-01,70
gravata-pe,GRAVATA / PE,PAP,instalacao,2026-04-01,60
gravata-pe,GRAVATA/PE,LOJA,instalacao,2026-04-01,24
guaraciaba-do-norte-ce,GUARACIABA DO NORTE/CE,DONO CIDADE - LOJAS,instalacao,2026-04-01,24
guaraciaba-do-norte-ce,GUARACIABA DO NORTE/CE,PAP,instalacao,2026-04-01,15
horizonte-ce,HORIZONTE / CE,PAP,instalacao,2026-04-01,105
horizonte-ce,HORIZONTE/CE,LOJA,instalacao,2026-04-01,28
ibiapina-ce,IBIAPINA/CE,DONO CIDADE - LOJAS,instalacao,2026-04-01,12
ico-ce,ICO/CE,LOJA,instalacao,2026-04-01,56
iguatu-ce,IGUATU/CE,LOJA,instalacao,2026-04-01,42
iguatu-ce,IGUATU/CE,PAP,instalacao,2026-04-01,100
ipu-ce,IPU/CE,DONO CIDADE - LOJAS,instalacao,2026-04-01,24
ipu-ce,IPU/CE,PAP,instalacao,2026-04-01,17
iracema-ce,IRACEMA/CE,DONO CIDADE - LOJAS,instalacao,2026-04-01,12
iracema-ce,IRACEMA/CE,PAP,instalacao,2026-04-01,5
itaitinga-ce,ITAITINGA/CE,PAP,instalacao,2026-04-01,25
itapaje-ce,ITAPAJE / CE,PAP,instalacao,2026-04-01,47
itapaje-ce,ITAPAJE/CE,LOJA,instalacao,2026-04-01,12
itapipoca-ce,ITAPIPOCA / CE,PAP,instalacao,2026-04-01,60
itapipoca-ce,ITAPIPOCA/CE,LOJA,instalacao,2026-04-01,24
jaguaretama-ce,JAGUARETAMA/CE,DONO CIDADE - LOJAS,instalacao,2026-04-01,24
jaguaretama-ce,JAGUARETAMA/CE,PAP,instalacao,2026-04-01,5
jaguaribara-ce,JAGUARIBARA/CE,PAP,instalacao,2026-04-01,1
jaguaribe-ce,JAGUARIBE/CE,DONO CIDADE - LOJAS,instalacao,2026-04-01,36
jaguaribe-ce,JAGUARIBE/CE,PAP,instalacao,2026-04-01,30
joao-pessoa-pb,JOAO PESSOA / PB,NGC,instalacao,2026-04-01,245
joao-pessoa-pb,JOAO PESSOA / PB,PAP,instalacao,2026-04-01,429
joao-pessoa-pb,JOAO PESSOA/PB,LOJA,instalacao,2026-04-01,70
juazeiro-do-norte-ce,JUAZEIRO DO NORTE / CE,PAP,instalacao,2026-04-01,325
juazeiro-do-norte-ce,JUAZEIRO DO NORTE/CE,LOJA,instalacao,2026-04-01,112
juazeiro-ba,JUAZEIRO/BA,DONO CIDADE - LOJAS,instalacao,2026-04-01,12
juazeiro-ba,JUAZEIRO/BA,PAP,instalacao,2026-04-01,140
lavras-da-mangabeira-ce,LAVRAS DA MANGABEIRA / CE,PAP,instalacao,2026-04-01,20
lavras-da-mangabeira-ce,LAVRAS DA MANGABEIRA/CE,LOJA,instalacao,2026-04-01,12
limoeiro-do-norte-ce,LIMOEIRO DO NORTE/CE,DONO CIDADE - LOJAS,instalacao,2026-04-01,36
limoeiro-do-norte-ce,LIMOEIRO DO NORTE/CE,PAP,instalacao,2026-04-01,20
macaiba-rn,MACAIBA/RN,LOJA,instalacao,2026-04-01,14
macaiba-rn,MACAIBA/RN,PAP,instalacao,2026-04-01,60
major-sales-rn,MAJOR SALES/RN,DONO CIDADE - LOJAS,instalacao,2026-04-01,24
major-sales-rn,MAJOR SALES/RN,PAP,instalacao,2026-04-01,5
maracanau-ce,MARACANAU / CE,PAP,instalacao,2026-04-01,129
maracanau-ce,MARACANAU/CE,LOJA,instalacao,2026-04-01,48
maracanau-ce,MARACANAU/CE,QUIOSQUE LOJA,instalacao,2026-04-01,20
maranguape-ce,MARANGUAPE/CE,LOJA,instalacao,2026-04-01,28
maranguape-ce,MARANGUAPE/CE,PAP,instalacao,2026-04-01,125
milagres-ce,MILAGRES/CE,LOJA,instalacao,2026-04-01,12
milagres-ce,MILAGRES/CE,PAP,instalacao,2026-04-01,10
missao-velha-ce,MISSAO VELHA/CE,LOJA,instalacao,2026-04-01,24
missao-velha-ce,MISSAO VELHA/CE,PAP,instalacao,2026-04-01,10
mombaca-ce,MOMBACA/CE,LOJA,instalacao,2026-04-01,24
mombaca-ce,MOMBACA/CE,PAP,instalacao,2026-04-01,30
morada-nova-ce,MORADA NOVA/CE,DONO CIDADE - LOJAS,instalacao,2026-04-01,24
morada-nova-ce,MORADA NOVA/CE,PAP,instalacao,2026-04-01,21
mossoro-rn,MOSSORO / RN,PAP,instalacao,2026-04-01,260
mossoro-rn,MOSSORO/RN,LOJA,instalacao,2026-04-01,56
natal-rn,NATAL / RN,PAP,instalacao,2026-04-01,391
natal-rn,NATAL/RN,LOJA,instalacao,2026-04-01,126
natal-rn,NATAL/RN,NGC,instalacao,2026-04-01,214
natal-rn,NATAL/RN,PAP_VOLANTE,instalacao,2026-04-01,16
natal-rn,NATAL/RN,QUIOSQUE LOJA,instalacao,2026-04-01,30
nisia-floresta-rn,NISIA FLORESTA/RN,PAP,instalacao,2026-04-01,10
oros-ce,OROS/CE,LOJA,instalacao,2026-04-01,24
oros-ce,OROS/CE,PAP,instalacao,2026-04-01,5
ouricuri-pe,OURICURI/PE,DONO CIDADE - LOJAS,instalacao,2026-04-01,24
ouricuri-pe,OURICURI/PE,PAP,instalacao,2026-04-01,30
pacajus-ce,PACAJUS / CE,PAP,instalacao,2026-04-01,69
pacajus-ce,PACAJUS/CE,LOJA,instalacao,2026-04-01,42
paraipaba-ce,PARAIPABA/CE,LOJA,instalacao,2026-04-01,12
paraipaba-ce,PARAIPABA/CE,PAP,instalacao,2026-04-01,45
parnaiba-pi,PARNAIBA / PI,PAP,instalacao,2026-04-01,219
parnaiba-pi,PARNAIBA/PI,DONO CIDADE - LOJAS,instalacao,2026-04-01,28
parnamirim-rn,PARNAMIRIM/RN,DONO CIDADE - LOJAS,instalacao,2026-04-01,56
parnamirim-rn,PARNAMIRIM/RN,PAP,instalacao,2026-04-01,179
patos-pb,PATOS / PB,PAP,instalacao,2026-04-01,125
patos-pb,PATOS/PB,LOJA,instalacao,2026-04-01,56
pau-dos-ferros-rn,PAU DOS FERROS/RN,DONO CIDADE - LOJAS,instalacao,2026-04-01,36
pau-dos-ferros-rn,PAU DOS FERROS/RN,PAP,instalacao,2026-04-01,10
pedra-branca-ce,PEDRA BRANCA/CE,PAP,instalacao,2026-04-01,15
pereiro-ce,PEREIRO/CE,DONO CIDADE - LOJAS,instalacao,2026-04-01,12
pereiro-ce,PEREIRO/CE,ONLINE,instalacao,2026-04-01,2833
pesqueira-pe,PESQUEIRA / PE,PAP,instalacao,2026-04-01,37
pesqueira-pe,PESQUEIRA/PE,LOJA,instalacao,2026-04-01,12
petrolina-pe,PETROLINA / PE,PAP,instalacao,2026-04-01,375
petrolina-pe,PETROLINA/PE,DONO CIDADE - LOJAS,instalacao,2026-04-01,24
pombal-pb,POMBAL/PB,LOJA,instalacao,2026-04-01,24
pombal-pb,POMBAL/PB,PAP,instalacao,2026-04-01,32
quixada-ce,QUIXADA / CE,PAP,instalacao,2026-04-01,40
quixada-ce,QUIXADA/CE,DONO CIDADE - LOJAS,instalacao,2026-04-01,42
quixeramobim-ce,QUIXERAMOBIM/CE,DONO CIDADE - LOJAS,instalacao,2026-04-01,14
quixeramobim-ce,QUIXERAMOBIM/CE,PAP,instalacao,2026-04-01,40
quixere-ce,QUIXERE/CE,LOJA,instalacao,2026-04-01,24
quixere-ce,QUIXERE/CE,PAP,instalacao,2026-04-01,20
rafael-fernandes-rn,RAFAEL FERNANDES/RN,PAP,instalacao,2026-04-01,5
russas-ce,RUSSAS/CE,DONO CIDADE - LOJAS,instalacao,2026-04-01,24
russas-ce,RUSSAS/CE,PAP,instalacao,2026-04-01,30
salgueiro-pe,SALGUEIRO / PE,PAP,instalacao,2026-04-01,30
salgueiro-pe,SALGUEIRO/PE,DONO CIDADE - LOJAS,instalacao,2026-04-01,12
santa-luzia-pb,SANTA LUZIA/PB,LOJA,instalacao,2026-04-01,24
santa-luzia-pb,SANTA LUZIA/PB,PAP,instalacao,2026-04-01,5
santa-rita-pb,SANTA RITA/PB,LOJA,instalacao,2026-04-01,28
santa-rita-pb,SANTA RITA/PB,PAP,instalacao,2026-04-01,75
sao-benedito-ce,SAO BENEDITO/CE,DONO CIDADE - LOJAS,instalacao,2026-04-01,24
sao-benedito-ce,SAO BENEDITO/CE,PAP,instalacao,2026-04-01,19
sao-goncalo-do-amarante-rn,SAO GONCALO DO AMARANTE/RN,PAP,instalacao,2026-04-01,50
sao-jose-de-mipibu-rn,SAO JOSE DE MIPIBU/RN,LOJA,instalacao,2026-04-01,36
sao-jose-de-mipibu-rn,SAO JOSE DE MIPIBU/RN,PAP,instalacao,2026-04-01,15
sao-miguel-rn,SAO MIGUEL/RN,DONO CIDADE - LOJAS,instalacao,2026-04-01,36
sao-miguel-rn,SAO MIGUEL/RN,PAP,instalacao,2026-04-01,20
senador-pompeu-ce,SENADOR POMPEU/CE,LOJA,instalacao,2026-04-01,24
senador-pompeu-ce,SENADOR POMPEU/CE,PAP,instalacao,2026-04-01,20
serra-talhada-pe,SERRA TALHADA / PE,PAP,instalacao,2026-04-01,45
serra-talhada-pe,SERRA TALHADA/PE,LOJA,instalacao,2026-04-01,36
sobral-ce,SOBRAL / CE,PAP,instalacao,2026-04-01,200
sobral-ce,SOBRAL/CE,LOJA,instalacao,2026-04-01,56
sousa-pb,SOUSA/PB,LOJA,instalacao,2026-04-01,42
sousa-pb,SOUSA/PB,PAP,instalacao,2026-04-01,30
tabuleiro-do-norte-ce,TABULEIRO DO NORTE/CE,LOJA,instalacao,2026-04-01,24
tabuleiro-do-norte-ce,TABULEIRO DO NORTE/CE,PAP,instalacao,2026-04-01,16
taua-ce,TAUA/CE,LOJA,instalacao,2026-04-01,24
taua-ce,TAUA/CE,PAP,instalacao,2026-04-01,21
teresina-pi,TERESINA / PI,PAP,instalacao,2026-04-01,575
teresina-pi,TERESINA/PI,LOJA,instalacao,2026-04-01,56
tiangua-ce,TIANGUA/CE,DONO CIDADE - LOJAS,instalacao,2026-04-01,12
tiangua-ce,TIANGUA/CE,PAP,instalacao,2026-04-01,30
timon-ma,TIMON / MA,PAP,instalacao,2026-04-01,225
timon-ma,TIMON/MA,LOJA,instalacao,2026-04-01,24
toritama-pe,TORITAMA/PE,LOJA,instalacao,2026-04-01,24
toritama-pe,TORITAMA/PE,PAP,instalacao,2026-04-01,75
ubajara-ce,UBAJARA/CE,DONO CIDADE - LOJAS,instalacao,2026-04-01,24
ubajara-ce,UBAJARA/CE,PAP,instalacao,2026-04-01,10
ubajara-ce,UBAJARA/CE,PROMOTOR DE VENDAS,instalacao,2026-04-01,2
uirauna-pb,UIRAUNA/PB,DONO CIDADE - LOJAS,instalacao,2026-04-01,24
uirauna-pb,UIRAUNA/PB,PAP,instalacao,2026-04-01,5
umarizal-rn,UMARIZAL / RN,PAP,instalacao,2026-04-01,5
umarizal-rn,UMARIZAL/RN,DONO CIDADE - LOJAS,instalacao,2026-04-01,24
varzea-alegre-ce,VARZEA ALEGRE/CE,LOJA,instalacao,2026-04-01,36
varzea-alegre-ce,VARZEA ALEGRE/CE,PAP,instalacao,2026-04-01,20
acarau-ce,ACARAU/CE,LOJA,instalacao,2026-05-01,24
acarau-ce,ACARAU/CE,PAP,instalacao,2026-05-01,20
acopiara-ce,ACOPIARA/CE,LOJA,instalacao,2026-05-01,12
acopiara-ce,ACOPIARA/CE,PAP,instalacao,2026-05-01,10
acu-rn,ACU/RN,DONO CIDADE - LOJAS,instalacao,2026-05-01,42
acu-rn,ACU/RN,LOJA,instalacao,2026-05-01,14
acu-rn,ACU/RN,PAP,instalacao,2026-05-01,45
araripina-pe,ARARIPINA/PE,DONO CIDADE - LOJAS,instalacao,2026-05-01,24
araripina-pe,ARARIPINA/PE,PAP,instalacao,2026-05-01,30
arcoverde-pe,ARCOVERDE/PE,LOJA,instalacao,2026-05-01,12
arcoverde-pe,ARCOVERDE/PE,PAP,instalacao,2026-05-01,43
banabuiu-ce,BANABUIU/CE,LOJA,instalacao,2026-05-01,24
banabuiu-ce,BANABUIU/CE,PAP,instalacao,2026-05-01,5
barauna-rn,BARAUNA/RN,LOJA,instalacao,2026-05-01,12
barbalha-ce,BARBALHA / CE,PAP,instalacao,2026-05-01,20
barbalha-ce,BARBALHA/CE,LOJA,instalacao,2026-05-01,28
bayeux-pb,BAYEUX/PB,DONO CIDADE - LOJAS,instalacao,2026-05-01,28
bayeux-pb,BAYEUX/PB,PAP,instalacao,2026-05-01,129
belo-jardim-pe,BELO JARDIM/PE,LOJA,instalacao,2026-05-01,24
bezerros-pe,BEZERROS/PE,LOJA,instalacao,2026-05-01,24
bezerros-pe,BEZERROS/PE,PAP,instalacao,2026-05-01,30
brejo-santo-ce,BREJO SANTO/CE,LOJA,instalacao,2026-05-01,12
brejo-santo-ce,BREJO SANTO/CE,PAP,instalacao,2026-05-01,40
cabedelo-pb,CABEDELO/PB,LOJA,instalacao,2026-05-01,24
cabedelo-pb,CABEDELO/PB,PAP,instalacao,2026-05-01,50
caico-rn,CAICO/RN,LOJA,instalacao,2026-05-01,24
caico-rn,CAICO/RN,PAP,instalacao,2026-05-01,30
cajazeiras-pb,CAJAZEIRAS/PB,LOJA,instalacao,2026-05-01,36
cajazeiras-pb,CAJAZEIRAS/PB,PAP,instalacao,2026-05-01,75
campina-grande-pb,CAMPINA GRANDE / PB,PAP,instalacao,2026-05-01,313
campina-grande-pb,CAMPINA GRANDE/PB,LOJA,instalacao,2026-05-01,42
caninde-ce,CANINDE/CE,LOJA,instalacao,2026-05-01,28
caninde-ce,CANINDE/CE,PAP,instalacao,2026-05-01,49
caruaru-pe,CARUARU / PE,PAP,instalacao,2026-05-01,274
caruaru-pe,CARUARU/PE,LOJA,instalacao,2026-05-01,7
cascavel-ce,CASCAVEL/CE,LOJA,instalacao,2026-05-01,24
cascavel-ce,CASCAVEL/CE,PAP,instalacao,2026-05-01,45
catole-do-rocha-pb,CATOLE DO ROCHA/PB,LOJA,instalacao,2026-05-01,24
catole-do-rocha-pb,CATOLE DO ROCHA/PB,PAP,instalacao,2026-05-01,20
caucaia-ce,CAUCAIA/CE,LOJA,instalacao,2026-05-01,28
caucaia-ce,CAUCAIA/CE,PAP,instalacao,2026-05-01,228
caucaia-ce,CAUCAIA/CE,QUIOSQUE LOJA,instalacao,2026-05-01,10
ceara-mirim-rn,CEARA-MIRIM/RN,LOJA,instalacao,2026-05-01,14
ceara-mirim-rn,CEARA-MIRIM/RN,PAP,instalacao,2026-05-01,15
cedro-ce,CEDRO/CE,LOJA,instalacao,2026-05-01,24
cedro-ce,CEDRO/CE,PAP,instalacao,2026-05-01,10
coronel-joao-pessoa-rn,CORONEL JOAO PESSOA/RN,PAP,instalacao,2026-05-01,5
crateus-ce,CRATEUS/CE,DONO CIDADE - LOJAS,instalacao,2026-05-01,24
crateus-ce,CRATEUS/CE,PAP,instalacao,2026-05-01,39
crato-ce,CRATO / CE,PAP,instalacao,2026-05-01,125
crato-ce,CRATO/CE,LOJA,instalacao,2026-05-01,56
custodia-pe,CUSTODIA/PE,LOJA,instalacao,2026-05-01,24
encanto-rn,ENCANTO/RN,PAP,instalacao,2026-05-01,5
eusebio-ce,EUSEBIO/CE,LOJA,instalacao,2026-05-01,24
eusebio-ce,EUSEBIO/CE,PAP,instalacao,2026-05-01,75
extremoz-rn,EXTREMOZ/RN,LOJA,instalacao,2026-05-01,12
extremoz-rn,EXTREMOZ/RN,PAP,instalacao,2026-05-01,60
fortaleza-ce,FORTALEZA / CE,NGC,instalacao,2026-05-01,231
fortaleza-ce,FORTALEZA / CE,PAP,instalacao,2026-05-01,1280
fortaleza-ce,FORTALEZA/CE,LOJA,instalacao,2026-05-01,56
fortaleza-ce,FORTALEZA/CE,QUIOSQUE LOJA,instalacao,2026-05-01,110
gravata-pe,GRAVATA/PE,LOJA,instalacao,2026-05-01,24
gravata-pe,GRAVATA/PE,PAP,instalacao,2026-05-01,45
guaraciaba-do-norte-ce,GUARACIABA DO NORTE/CE,DONO CIDADE - LOJAS,instalacao,2026-05-01,24
guaraciaba-do-norte-ce,GUARACIABA DO NORTE/CE,PAP,instalacao,2026-05-01,15
horizonte-ce,HORIZONTE / CE,PAP,instalacao,2026-05-01,120
horizonte-ce,HORIZONTE/CE,LOJA,instalacao,2026-05-01,42
ibiapina-ce,IBIAPINA/CE,DONO CIDADE - LOJAS,instalacao,2026-05-01,12
ibiapina-ce,IBIAPINA/CE,PAP,instalacao,2026-05-01,6
ico-ce,ICO/CE,LOJA,instalacao,2026-05-01,56
ico-ce,ICO/CE,PAP,instalacao,2026-05-01,10
iguatu-ce,IGUATU / CE,PAP,instalacao,2026-05-01,90
iguatu-ce,IGUATU/CE,LOJA,instalacao,2026-05-01,56
ipu-ce,IPU/CE,DONO CIDADE - LOJAS,instalacao,2026-05-01,24
ipu-ce,IPU/CE,PAP,instalacao,2026-05-01,29
iracema-ce,IRACEMA/CE,DONO CIDADE - LOJAS,instalacao,2026-05-01,24
iracema-ce,IRACEMA/CE,PAP,instalacao,2026-05-01,10
itaitinga-ce,ITAITINGA/CE,PAP,instalacao,2026-05-01,25
itapaje-ce,ITAPAJE / CE,PAP,instalacao,2026-05-01,60
itapaje-ce,ITAPAJE/CE,LOJA,instalacao,2026-05-01,12
itapipoca-ce,ITAPIPOCA/CE,LOJA,instalacao,2026-05-01,24
itapipoca-ce,ITAPIPOCA/CE,PAP,instalacao,2026-05-01,34
jaguaretama-ce,JAGUARETAMA/CE,DONO CIDADE - LOJAS,instalacao,2026-05-01,24
jaguaretama-ce,JAGUARETAMA/CE,PAP,instalacao,2026-05-01,5
jaguaribara-ce,JAGUARIBARA/CE,PAP,instalacao,2026-05-01,5
jaguaribe-ce,JAGUARIBE/CE,DONO CIDADE - LOJAS,instalacao,2026-05-01,36
jaguaribe-ce,JAGUARIBE/CE,PAP,instalacao,2026-05-01,30
joao-pessoa-pb,JOAO PESSOA / PB,NGC,instalacao,2026-05-01,225
joao-pessoa-pb,JOAO PESSOA / PB,PAP,instalacao,2026-05-01,424
joao-pessoa-pb,JOAO PESSOA/PB,LOJA,instalacao,2026-05-01,70
juazeiro-ba,JUAZEIRO / BA,PAP,instalacao,2026-05-01,195
juazeiro-do-norte-ce,JUAZEIRO DO NORTE / CE,PAP,instalacao,2026-05-01,313
juazeiro-do-norte-ce,JUAZEIRO DO NORTE/CE,LOJA,instalacao,2026-05-01,112
juazeiro-ba,JUAZEIRO/BA,DONO CIDADE - LOJAS,instalacao,2026-05-01,24
lavras-da-mangabeira-ce,LAVRAS DA MANGABEIRA / CE,PAP,instalacao,2026-05-01,20
lavras-da-mangabeira-ce,LAVRAS DA MANGABEIRA/CE,LOJA,instalacao,2026-05-01,24
limoeiro-do-norte-ce,LIMOEIRO DO NORTE/CE,DONO CIDADE - LOJAS,instalacao,2026-05-01,36
limoeiro-do-norte-ce,LIMOEIRO DO NORTE/CE,PAP,instalacao,2026-05-01,20
macaiba-rn,MACAIBA/RN,LOJA,instalacao,2026-05-01,28
macaiba-rn,MACAIBA/RN,PAP,instalacao,2026-05-01,60
major-sales-rn,MAJOR SALES/RN,DONO CIDADE - LOJAS,instalacao,2026-05-01,24
major-sales-rn,MAJOR SALES/RN,PAP,instalacao,2026-05-01,5
maracanau-ce,MARACANAU/CE,LOJA,instalacao,2026-05-01,60
maracanau-ce,MARACANAU/CE,PAP,instalacao,2026-05-01,149
maracanau-ce,MARACANAU/CE,QUIOSQUE LOJA,instalacao,2026-05-01,20
maranguape-ce,MARANGUAPE/CE,LOJA,instalacao,2026-05-01,28
maranguape-ce,MARANGUAPE/CE,PAP,instalacao,2026-05-01,100
milagres-ce,MILAGRES/CE,LOJA,instalacao,2026-05-01,24
milagres-ce,MILAGRES/CE,PAP,instalacao,2026-05-01,10
missao-velha-ce,MISSAO VELHA/CE,LOJA,instalacao,2026-05-01,24
missao-velha-ce,MISSAO VELHA/CE,PAP,instalacao,2026-05-01,20
mombaca-ce,MOMBACA/CE,LOJA,instalacao,2026-05-01,24
mombaca-ce,MOMBACA/CE,PAP,instalacao,2026-05-01,30
morada-nova-ce,MORADA NOVA/CE,DONO CIDADE - LOJAS,instalacao,2026-05-01,24
morada-nova-ce,MORADA NOVA/CE,PAP,instalacao,2026-05-01,29
mossoro-rn,MOSSORO / RN,PAP,instalacao,2026-05-01,285
mossoro-rn,MOSSORO/RN,LOJA,instalacao,2026-05-01,70
natal-rn,NATAL / RN,PAP,instalacao,2026-05-01,486
natal-rn,NATAL/RN,LOJA,instalacao,2026-05-01,112
natal-rn,NATAL/RN,NGC,instalacao,2026-05-01,200
natal-rn,NATAL/RN,QUIOSQUE LOJA,instalacao,2026-05-01,30
nisia-floresta-rn,NISIA FLORESTA/RN,PAP,instalacao,2026-05-01,10
oros-ce,OROS/CE,LOJA,instalacao,2026-05-01,24
oros-ce,OROS/CE,PAP,instalacao,2026-05-01,5
ouricuri-pe,OURICURI/PE,DONO CIDADE - LOJAS,instalacao,2026-05-01,12
ouricuri-pe,OURICURI/PE,PAP,instalacao,2026-05-01,37
pacajus-ce,PACAJUS/CE,LOJA,instalacao,2026-05-01,42
pacajus-ce,PACAJUS/CE,PAP,instalacao,2026-05-01,75
paraipaba-ce,PARAIPABA / CE,PAP,instalacao,2026-05-01,60
paraipaba-ce,PARAIPABA/CE,LOJA,instalacao,2026-05-01,12
parnaiba-pi,PARNAIBA/PI,DONO CIDADE - LOJAS,instalacao,2026-05-01,28
parnaiba-pi,PARNAIBA/PI,PAP,instalacao,2026-05-01,206
parnamirim-rn,PARNAMIRIM/RN,DONO CIDADE - LOJAS,instalacao,2026-05-01,70
parnamirim-rn,PARNAMIRIM/RN,PAP,instalacao,2026-05-01,224
patos-pb,PATOS / PB,PAP,instalacao,2026-05-01,150
patos-pb,PATOS/PB,LOJA,instalacao,2026-05-01,42
pau-dos-ferros-rn,PAU DOS FERROS/RN,DONO CIDADE - LOJAS,instalacao,2026-05-01,48
pau-dos-ferros-rn,PAU DOS FERROS/RN,PAP,instalacao,2026-05-01,20
pedra-branca-ce,PEDRA BRANCA/CE,LOJA,instalacao,2026-05-01,12
pedra-branca-ce,PEDRA BRANCA/CE,PAP,instalacao,2026-05-01,15
pereiro-ce,PEREIRO/CE,DONO CIDADE - LOJAS,instalacao,2026-05-01,24
pereiro-ce,PEREIRO/CE,ONLINE,instalacao,2026-05-01,3288
pesqueira-pe,PESQUEIRA/PE,LOJA,instalacao,2026-05-01,12
pesqueira-pe,PESQUEIRA/PE,PAP,instalacao,2026-05-01,43
petrolina-pe,PETROLINA / PE,PAP,instalacao,2026-05-01,450
petrolina-pe,PETROLINA/PE,DONO CIDADE - LOJAS,instalacao,2026-05-01,12
pombal-pb,POMBAL/PB,LOJA,instalacao,2026-05-01,24
pombal-pb,POMBAL/PB,PAP,instalacao,2026-05-01,44
quixada-ce,QUIXADA/CE,DONO CIDADE - LOJAS,instalacao,2026-05-01,42
quixada-ce,QUIXADA/CE,PAP,instalacao,2026-05-01,30
quixeramobim-ce,QUIXERAMOBIM/CE,DONO CIDADE - LOJAS,instalacao,2026-05-01,28
quixeramobim-ce,QUIXERAMOBIM/CE,PAP,instalacao,2026-05-01,40
quixere-ce,QUIXERE/CE,LOJA,instalacao,2026-05-01,24
quixere-ce,QUIXERE/CE,PAP,instalacao,2026-05-01,15
rafael-fernandes-rn,RAFAEL FERNANDES/RN,PAP,instalacao,2026-05-01,5
russas-ce,RUSSAS/CE,DONO CIDADE - LOJAS,instalacao,2026-05-01,24
russas-ce,RUSSAS/CE,PAP,instalacao,2026-05-01,30
salgueiro-pe,SALGUEIRO / PE,PAP,instalacao,2026-05-01,30
salgueiro-pe,SALGUEIRO/PE,DONO CIDADE - LOJAS,instalacao,2026-05-01,12
santa-luzia-pb,SANTA LUZIA / PB,PAP,instalacao,2026-05-01,10
santa-luzia-pb,SANTA LUZIA/PB,LOJA,instalacao,2026-05-01,24
santa-rita-pb,SANTA RITA/PB,LOJA,instalacao,2026-05-01,28
santa-rita-pb,SANTA RITA/PB,PAP,instalacao,2026-05-01,75
sao-benedito-ce,SAO BENEDITO/CE,DONO CIDADE - LOJAS,instalacao,2026-05-01,24
sao-benedito-ce,SAO BENEDITO/CE,PAP,instalacao,2026-05-01,30
sao-bento-pb,SAO BENTO / PB,PAP,instalacao,2026-05-01,10
sao-goncalo-do-amarante-rn,SAO GONCALO DO AMARANTE/RN,PAP,instalacao,2026-05-01,50
sao-jose-de-mipibu-rn,SAO JOSE DE MIPIBU/RN,LOJA,instalacao,2026-05-01,36
sao-jose-de-mipibu-rn,SAO JOSE DE MIPIBU/RN,PAP,instalacao,2026-05-01,30
sao-miguel-rn,SAO MIGUEL/RN,DONO CIDADE - LOJAS,instalacao,2026-05-01,36
sao-miguel-rn,SAO MIGUEL/RN,PAP,instalacao,2026-05-01,20
senador-pompeu-ce,SENADOR POMPEU/CE,LOJA,instalacao,2026-05-01,12
senador-pompeu-ce,SENADOR POMPEU/CE,PAP,instalacao,2026-05-01,20
serra-talhada-pe,SERRA TALHADA / PE,PAP,instalacao,2026-05-01,60
serra-talhada-pe,SERRA TALHADA/PE,LOJA,instalacao,2026-05-01,36
sobral-ce,SOBRAL / CE,PAP,instalacao,2026-05-01,225
sobral-ce,SOBRAL/CE,LOJA,instalacao,2026-05-01,56
sousa-pb,SOUSA/PB,LOJA,instalacao,2026-05-01,21
sousa-pb,SOUSA/PB,PAP,instalacao,2026-05-01,30
tabuleiro-do-norte-ce,TABULEIRO DO NORTE/CE,LOJA,instalacao,2026-05-01,12
tabuleiro-do-norte-ce,TABULEIRO DO NORTE/CE,PAP,instalacao,2026-05-01,20
taua-ce,TAUA/CE,LOJA,instalacao,2026-05-01,12
taua-ce,TAUA/CE,PAP,instalacao,2026-05-01,29
teresina-pi,TERESINA / PI,PAP,instalacao,2026-05-01,613
teresina-pi,TERESINA/PI,LOJA,instalacao,2026-05-01,56
tiangua-ce,TIANGUA/CE,DONO CIDADE - LOJAS,instalacao,2026-05-01,12
tiangua-ce,TIANGUA/CE,PAP,instalacao,2026-05-01,38
timon-ma,TIMON / MA,PAP,instalacao,2026-05-01,200
timon-ma,TIMON/MA,LOJA,instalacao,2026-05-01,24
toritama-pe,TORITAMA/PE,LOJA,instalacao,2026-05-01,24
toritama-pe,TORITAMA/PE,PAP,instalacao,2026-05-01,75
ubajara-ce,UBAJARA/CE,DONO CIDADE - LOJAS,instalacao,2026-05-01,24
ubajara-ce,UBAJARA/CE,PAP,instalacao,2026-05-01,20
uirauna-pb,UIRAUNA/PB,DONO CIDADE - LOJAS,instalacao,2026-05-01,24
uirauna-pb,UIRAUNA/PB,PAP,instalacao,2026-05-01,5
umarizal-rn,UMARIZAL / RN,PAP,instalacao,2026-05-01,5
umarizal-rn,UMARIZAL/RN,DONO CIDADE - LOJAS,instalacao,2026-05-01,24
varzea-alegre-ce,VARZEA ALEGRE/CE,LOJA,instalacao,2026-05-01,36
varzea-alegre-ce,VARZEA ALEGRE/CE,PAP,instalacao,2026-05-01,18
acarau-ce,ACARAU/CE,LOJA,instalacao,2026-06-01,24
acarau-ce,ACARAU/CE,PAP,instalacao,2026-06-01,13
acopiara-ce,ACOPIARA/CE,LOJA,instalacao,2026-06-01,24
acopiara-ce,ACOPIARA/CE,PAP,instalacao,2026-06-01,19
acu-rn,ACU/RN,DONO CIDADE - LOJAS,instalacao,2026-06-01,42
acu-rn,ACU/RN,LOJA,instalacao,2026-06-01,14
acu-rn,ACU/RN,PAP,instalacao,2026-06-01,45
araripina-pe,ARARIPINA/PE,DONO CIDADE - LOJAS,instalacao,2026-06-01,12
araripina-pe,ARARIPINA/PE,PAP,instalacao,2026-06-01,44
arcoverde-pe,ARCOVERDE/PE,LOJA,instalacao,2026-06-01,12
arcoverde-pe,ARCOVERDE/PE,PAP,instalacao,2026-06-01,45
banabuiu-ce,BANABUIU/CE,LOJA,instalacao,2026-06-01,24
banabuiu-ce,BANABUIU/CE,PAP,instalacao,2026-06-01,5
barauna-rn,BARAUNA/RN,LOJA,instalacao,2026-06-01,12
barbalha-ce,BARBALHA/CE,LOJA,instalacao,2026-06-01,28
barbalha-ce,BARBALHA/CE,PAP,instalacao,2026-06-01,16
bayeux-pb,BAYEUX/PB,DONO CIDADE - LOJAS,instalacao,2026-06-01,28
bayeux-pb,BAYEUX/PB,PAP,instalacao,2026-06-01,93
belo-jardim-pe,BELO JARDIM/PE,LOJA,instalacao,2026-06-01,36
belo-jardim-pe,BELO JARDIM/PE,PAP,instalacao,2026-06-01,15
bezerros-pe,BEZERROS/PE,LOJA,instalacao,2026-06-01,24
bezerros-pe,BEZERROS/PE,PAP,instalacao,2026-06-01,30
brejo-santo-ce,BREJO SANTO/CE,LOJA,instalacao,2026-06-01,12
brejo-santo-ce,BREJO SANTO/CE,PAP,instalacao,2026-06-01,40
cabedelo-pb,CABEDELO/PB,LOJA,instalacao,2026-06-01,12
cabedelo-pb,CABEDELO/PB,PAP,instalacao,2026-06-01,30
caico-rn,CAICO/RN,LOJA,instalacao,2026-06-01,24
caico-rn,CAICO/RN,PAP,instalacao,2026-06-01,30
cajazeiras-pb,CAJAZEIRAS/PB,LOJA,instalacao,2026-06-01,36
cajazeiras-pb,CAJAZEIRAS/PB,PAP,instalacao,2026-06-01,75
campina-grande-pb,CAMPINA GRANDE/PB,LOJA,instalacao,2026-06-01,42
campina-grande-pb,CAMPINA GRANDE/PB,PAP,instalacao,2026-06-01,286
caninde-ce,CANINDE/CE,LOJA,instalacao,2026-06-01,28
caninde-ce,CANINDE/CE,PAP,instalacao,2026-06-01,60
caruaru-pe,CARUARU/PE,LOJA,instalacao,2026-06-01,14
caruaru-pe,CARUARU/PE,PAP,instalacao,2026-06-01,225
cascavel-ce,CASCAVEL/CE,LOJA,instalacao,2026-06-01,24
cascavel-ce,CASCAVEL/CE,PAP,instalacao,2026-06-01,60
catole-do-rocha-pb,CATOLE DO ROCHA/PB,LOJA,instalacao,2026-06-01,22
catole-do-rocha-pb,CATOLE DO ROCHA/PB,PAP,instalacao,2026-06-01,20
caucaia-ce,CAUCAIA/CE,LOJA,instalacao,2026-06-01,28
caucaia-ce,CAUCAIA/CE,PAP,instalacao,2026-06-01,250
caucaia-ce,CAUCAIA/CE,QUIOSQUE LOJA,instalacao,2026-06-01,10
ceara-mirim-rn,CEARA-MIRIM/RN,LOJA,instalacao,2026-06-01,28
ceara-mirim-rn,CEARA-MIRIM/RN,PAP,instalacao,2026-06-01,53
cedro-ce,CEDRO/CE,LOJA,instalacao,2026-06-01,12
cedro-ce,CEDRO/CE,PAP,instalacao,2026-06-01,10
coronel-joao-pessoa-rn,CORONEL JOAO PESSOA/RN,PAP,instalacao,2026-06-01,5
crateus-ce,CRATEUS/CE,DONO CIDADE - LOJAS,instalacao,2026-06-01,24
crateus-ce,CRATEUS/CE,PAP,instalacao,2026-06-01,40
crato-ce,CRATO / CE,PAP,instalacao,2026-06-01,75
crato-ce,CRATO/CE,LOJA,instalacao,2026-06-01,56
custodia-pe,CUSTODIA/PE,LOJA,instalacao,2026-06-01,24
encanto-rn,ENCANTO/RN,PAP,instalacao,2026-06-01,5
eusebio-ce,EUSEBIO/CE,LOJA,instalacao,2026-06-01,24
eusebio-ce,EUSEBIO/CE,PAP,instalacao,2026-06-01,60
extremoz-rn,EXTREMOZ/RN,LOJA,instalacao,2026-06-01,12
extremoz-rn,EXTREMOZ/RN,PAP,instalacao,2026-06-01,45
fortaleza-ce,FORTALEZA / CE,PAP,instalacao,2026-06-01,1575
fortaleza-ce,FORTALEZA/CE,LOJA,instalacao,2026-06-01,70
fortaleza-ce,FORTALEZA/CE,NGC,instalacao,2026-06-01,225
fortaleza-ce,FORTALEZA/CE,QUIOSQUE LOJA,instalacao,2026-06-01,120
gravata-pe,GRAVATA/PE,LOJA,instalacao,2026-06-01,24
gravata-pe,GRAVATA/PE,PAP,instalacao,2026-06-01,45
guaraciaba-do-norte-ce,GUARACIABA DO NORTE/CE,DONO CIDADE - LOJAS,instalacao,2026-06-01,24
guaraciaba-do-norte-ce,GUARACIABA DO NORTE/CE,PAP,instalacao,2026-06-01,29
horizonte-ce,HORIZONTE/CE,LOJA,instalacao,2026-06-01,42
horizonte-ce,HORIZONTE/CE,PAP,instalacao,2026-06-01,60
ibiapina-ce,IBIAPINA/CE,PAP,instalacao,2026-06-01,10
ico-ce,ICO/CE,LOJA,instalacao,2026-06-01,56
ico-ce,ICO/CE,PAP,instalacao,2026-06-01,10
iguatu-ce,IGUATU / CE,PAP,instalacao,2026-06-01,90
iguatu-ce,IGUATU/CE,LOJA,instalacao,2026-06-01,42
ipu-ce,IPU/CE,DONO CIDADE - LOJAS,instalacao,2026-06-01,24
ipu-ce,IPU/CE,PAP,instalacao,2026-06-01,30
iracema-ce,IRACEMA/CE,DONO CIDADE - LOJAS,instalacao,2026-06-01,12
iracema-ce,IRACEMA/CE,PAP,instalacao,2026-06-01,10
itaitinga-ce,ITAITINGA/CE,PAP,instalacao,2026-06-01,15
itapaje-ce,ITAPAJE/CE,LOJA,instalacao,2026-06-01,12
itapaje-ce,ITAPAJE/CE,PAP,instalacao,2026-06-01,45
itapipoca-ce,ITAPIPOCA/CE,LOJA,instalacao,2026-06-01,24
itapipoca-ce,ITAPIPOCA/CE,PAP,instalacao,2026-06-01,56
jaguaretama-ce,JAGUARETAMA/CE,DONO CIDADE - LOJAS,instalacao,2026-06-01,24
jaguaretama-ce,JAGUARETAMA/CE,PAP,instalacao,2026-06-01,5
jaguaribara-ce,JAGUARIBARA/CE,PAP,instalacao,2026-06-01,5
jaguaribe-ce,JAGUARIBE/CE,DONO CIDADE - LOJAS,instalacao,2026-06-01,36
jaguaribe-ce,JAGUARIBE/CE,PAP,instalacao,2026-06-01,20
joao-pessoa-pb,JOAO PESSOA/PB,LOJA,instalacao,2026-06-01,98
joao-pessoa-pb,JOAO PESSOA/PB,NGC,instalacao,2026-06-01,200
joao-pessoa-pb,JOAO PESSOA/PB,PAP,instalacao,2026-06-01,549
juazeiro-do-norte-ce,JUAZEIRO DO NORTE / CE,PAP,instalacao,2026-06-01,421
juazeiro-do-norte-ce,JUAZEIRO DO NORTE/CE,LOJA,instalacao,2026-06-01,112
juazeiro-ba,JUAZEIRO/BA,DONO CIDADE - LOJAS,instalacao,2026-06-01,24
juazeiro-ba,JUAZEIRO/BA,PAP,instalacao,2026-06-01,185
lavras-da-mangabeira-ce,LAVRAS DA MANGABEIRA/CE,LOJA,instalacao,2026-06-01,12
lavras-da-mangabeira-ce,LAVRAS DA MANGABEIRA/CE,PAP,instalacao,2026-06-01,17
limoeiro-do-norte-ce,LIMOEIRO DO NORTE/CE,DONO CIDADE - LOJAS,instalacao,2026-06-01,36
limoeiro-do-norte-ce,LIMOEIRO DO NORTE/CE,PAP,instalacao,2026-06-01,20
macaiba-rn,MACAIBA/RN,LOJA,instalacao,2026-06-01,28
macaiba-rn,MACAIBA/RN,PAP,instalacao,2026-06-01,75
major-sales-rn,MAJOR SALES/RN,DONO CIDADE - LOJAS,instalacao,2026-06-01,24
major-sales-rn,MAJOR SALES/RN,PAP,instalacao,2026-06-01,5
maracanau-ce,MARACANAU / CE,PAP,instalacao,2026-06-01,200
maracanau-ce,MARACANAU/CE,LOJA,instalacao,2026-06-01,60
maracanau-ce,MARACANAU/CE,QUIOSQUE LOJA,instalacao,2026-06-01,20
maranguape-ce,MARANGUAPE/CE,LOJA,instalacao,2026-06-01,28
maranguape-ce,MARANGUAPE/CE,PAP,instalacao,2026-06-01,174
milagres-ce,MILAGRES/CE,LOJA,instalacao,2026-06-01,12
milagres-ce,MILAGRES/CE,PAP,instalacao,2026-06-01,10
missao-velha-ce,MISSAO VELHA/CE,LOJA,instalacao,2026-06-01,24
missao-velha-ce,MISSAO VELHA/CE,PAP,instalacao,2026-06-01,20
mombaca-ce,MOMBACA/CE,LOJA,instalacao,2026-06-01,24
mombaca-ce,MOMBACA/CE,PAP,instalacao,2026-06-01,30
morada-nova-ce,MORADA NOVA/CE,DONO CIDADE - LOJAS,instalacao,2026-06-01,24
morada-nova-ce,MORADA NOVA/CE,PAP,instalacao,2026-06-01,30
mossoro-rn,MOSSORO/RN,LOJA,instalacao,2026-06-01,70
mossoro-rn,MOSSORO/RN,PAP,instalacao,2026-06-01,229
natal-rn,NATAL/RN,LOJA,instalacao,2026-06-01,140
natal-rn,NATAL/RN,NGC,instalacao,2026-06-01,224
natal-rn,NATAL/RN,PAP,instalacao,2026-06-01,530
natal-rn,NATAL/RN,QUIOSQUE LOJA,instalacao,2026-06-01,30
nisia-floresta-rn,NISIA FLORESTA/RN,PAP,instalacao,2026-06-01,10
oros-ce,OROS/CE,LOJA,instalacao,2026-06-01,24
oros-ce,OROS/CE,PAP,instalacao,2026-06-01,5
ouricuri-pe,OURICURI/PE,DONO CIDADE - LOJAS,instalacao,2026-06-01,12
ouricuri-pe,OURICURI/PE,PAP,instalacao,2026-06-01,45
pacajus-ce,PACAJUS/CE,LOJA,instalacao,2026-06-01,40
pacajus-ce,PACAJUS/CE,PAP,instalacao,2026-06-01,30
paraipaba-ce,PARAIPABA/CE,PAP,instalacao,2026-06-01,45
parnaiba-pi,PARNAIBA/PI,DONO CIDADE - LOJAS,instalacao,2026-06-01,28
parnaiba-pi,PARNAIBA/PI,PAP,instalacao,2026-06-01,250
parnamirim-rn,PARNAMIRIM/RN,DONO CIDADE - LOJAS,instalacao,2026-06-01,56
parnamirim-rn,PARNAMIRIM/RN,PAP,instalacao,2026-06-01,250
patos-pb,PATOS/PB,LOJA,instalacao,2026-06-01,42
patos-pb,PATOS/PB,PAP,instalacao,2026-06-01,90
pau-dos-ferros-rn,PAU DOS FERROS/RN,DONO CIDADE - LOJAS,instalacao,2026-06-01,36
pau-dos-ferros-rn,PAU DOS FERROS/RN,PAP,instalacao,2026-06-01,20
pedra-branca-ce,PEDRA BRANCA/CE,LOJA,instalacao,2026-06-01,12
pedra-branca-ce,PEDRA BRANCA/CE,PAP,instalacao,2026-06-01,15
pereiro-ce,PEREIRO/CE,DONO CIDADE - LOJAS,instalacao,2026-06-01,24
pesqueira-pe,PESQUEIRA/PE,LOJA,instalacao,2026-06-01,12
pesqueira-pe,PESQUEIRA/PE,PAP,instalacao,2026-06-01,45
petrolina-pe,PETROLINA/PE,DONO CIDADE - LOJAS,instalacao,2026-06-01,24
petrolina-pe,PETROLINA/PE,PAP,instalacao,2026-06-01,498
pombal-pb,POMBAL/PB,LOJA,instalacao,2026-06-01,24
pombal-pb,POMBAL/PB,PAP,instalacao,2026-06-01,45
quixada-ce,QUIXADA/CE,DONO CIDADE - LOJAS,instalacao,2026-06-01,42
quixada-ce,QUIXADA/CE,PAP,instalacao,2026-06-01,36
quixeramobim-ce,QUIXERAMOBIM/CE,DONO CIDADE - LOJAS,instalacao,2026-06-01,42
quixeramobim-ce,QUIXERAMOBIM/CE,PAP,instalacao,2026-06-01,33
quixere-ce,QUIXERE/CE,LOJA,instalacao,2026-06-01,12
quixere-ce,QUIXERE/CE,PAP,instalacao,2026-06-01,20
rafael-fernandes-rn,RAFAEL FERNANDES/RN,PAP,instalacao,2026-06-01,5
russas-ce,RUSSAS/CE,DONO CIDADE - LOJAS,instalacao,2026-06-01,24
russas-ce,RUSSAS/CE,PAP,instalacao,2026-06-01,30
salgueiro-pe,SALGUEIRO/PE,DONO CIDADE - LOJAS,instalacao,2026-06-01,24
salgueiro-pe,SALGUEIRO/PE,PAP,instalacao,2026-06-01,15
santa-luzia-pb,SANTA LUZIA / PB,PAP,instalacao,2026-06-01,10
santa-luzia-pb,SANTA LUZIA/PB,LOJA,instalacao,2026-06-01,24
santa-rita-pb,SANTA RITA/PB,LOJA,instalacao,2026-06-01,28
santa-rita-pb,SANTA RITA/PB,PAP,instalacao,2026-06-01,90
sao-benedito-ce,SAO BENEDITO/CE,DONO CIDADE - LOJAS,instalacao,2026-06-01,24
sao-benedito-ce,SAO BENEDITO/CE,PAP,instalacao,2026-06-01,30
sao-goncalo-do-amarante-rn,SAO GONCALO DO AMARANTE/RN,PAP,instalacao,2026-06-01,49
sao-jose-de-mipibu-rn,SAO JOSE DE MIPIBU/RN,LOJA,instalacao,2026-06-01,24
sao-jose-de-mipibu-rn,SAO JOSE DE MIPIBU/RN,PAP,instalacao,2026-06-01,30
sao-miguel-rn,SAO MIGUEL/RN,DONO CIDADE - LOJAS,instalacao,2026-06-01,24
sao-miguel-rn,SAO MIGUEL/RN,PAP,instalacao,2026-06-01,20
senador-pompeu-ce,SENADOR POMPEU/CE,LOJA,instalacao,2026-06-01,24
senador-pompeu-ce,SENADOR POMPEU/CE,PAP,instalacao,2026-06-01,20
serra-talhada-pe,SERRA TALHADA/PE,LOJA,instalacao,2026-06-01,36
serra-talhada-pe,SERRA TALHADA/PE,PAP,instalacao,2026-06-01,45
sobral-ce,SOBRAL/CE,LOJA,instalacao,2026-06-01,62
sobral-ce,SOBRAL/CE,PAP,instalacao,2026-06-01,225
sousa-pb,SOUSA/PB,LOJA,instalacao,2026-06-01,20
sousa-pb,SOUSA/PB,PAP,instalacao,2026-06-01,30
tabuleiro-do-norte-ce,TABULEIRO DO NORTE/CE,LOJA,instalacao,2026-06-01,12
tabuleiro-do-norte-ce,TABULEIRO DO NORTE/CE,PAP,instalacao,2026-06-01,20
taua-ce,TAUA/CE,LOJA,instalacao,2026-06-01,24
taua-ce,TAUA/CE,PAP,instalacao,2026-06-01,40
teresina-pi,TERESINA/PI,LOJA,instalacao,2026-06-01,56
teresina-pi,TERESINA/PI,PAP,instalacao,2026-06-01,579
tiangua-ce,TIANGUA/CE,DONO CIDADE - LOJAS,instalacao,2026-06-01,24
tiangua-ce,TIANGUA/CE,PAP,instalacao,2026-06-01,45
timon-ma,TIMON/MA,LOJA,instalacao,2026-06-01,24
timon-ma,TIMON/MA,PAP,instalacao,2026-06-01,179
toritama-pe,TORITAMA/PE,LOJA,instalacao,2026-06-01,24
toritama-pe,TORITAMA/PE,PAP,instalacao,2026-06-01,45
ubajara-ce,UBAJARA/CE,DONO CIDADE - LOJAS,instalacao,2026-06-01,24
ubajara-ce,UBAJARA/CE,PAP,instalacao,2026-06-01,20
uirauna-pb,UIRAUNA/PB,DONO CIDADE - LOJAS,instalacao,2026-06-01,24
uirauna-pb,UIRAUNA/PB,PAP,instalacao,2026-06-01,5
umarizal-rn,UMARIZAL/RN,DONO CIDADE - LOJAS,instalacao,2026-06-01,24
varzea-alegre-ce,VARZEA ALEGRE/CE,LOJA,instalacao,2026-06-01,36
varzea-alegre-ce,VARZEA ALEGRE/CE,PAP,instalacao,2026-06-01,16
acarau-ce,ACARAU/CE,LOJA,instalacao,2026-07-01,12
acarau-ce,ACARAU/CE,PAP,instalacao,2026-07-01,20
acopiara-ce,ACOPIARA/CE,LOJA,instalacao,2026-07-01,24
acopiara-ce,ACOPIARA/CE,PAP,instalacao,2026-07-01,20
acu-rn,ACU/RN,DONO CIDADE - LOJAS,instalacao,2026-07-01,28
acu-rn,ACU/RN,LOJA,instalacao,2026-07-01,14
acu-rn,ACU/RN,PAP,instalacao,2026-07-01,45
araripina-pe,ARARIPINA/PE,DONO CIDADE - LOJAS,instalacao,2026-07-01,24
araripina-pe,ARARIPINA/PE,PAP,instalacao,2026-07-01,60
arcoverde-pe,ARCOVERDE/PE,LOJA,instalacao,2026-07-01,24
arcoverde-pe,ARCOVERDE/PE,PAP,instalacao,2026-07-01,45
aurora-ce,AURORA/CE,PAP,instalacao,2026-07-01,7
banabuiu-ce,BANABUIU/CE,LOJA,instalacao,2026-07-01,12
banabuiu-ce,BANABUIU/CE,PAP,instalacao,2026-07-01,5
barauna-rn,BARAUNA/RN,LOJA,instalacao,2026-07-01,12
barauna-rn,BARAUNA/RN,PAP,instalacao,2026-07-01,10
barbalha-ce,BARBALHA/CE,LOJA,instalacao,2026-07-01,28
barbalha-ce,BARBALHA/CE,PAP,instalacao,2026-07-01,30
bayeux-pb,BAYEUX/PB,DONO CIDADE - LOJAS,instalacao,2026-07-01,28
bayeux-pb,BAYEUX/PB,PAP,instalacao,2026-07-01,90
belo-jardim-pe,BELO JARDIM/PE,LOJA,instalacao,2026-07-01,36
belo-jardim-pe,BELO JARDIM/PE,PAP,instalacao,2026-07-01,30
bezerros-pe,BEZERROS/PE,LOJA,instalacao,2026-07-01,24
bezerros-pe,BEZERROS/PE,PAP,instalacao,2026-07-01,45
brejo-santo-ce,BREJO SANTO/CE,LOJA,instalacao,2026-07-01,12
brejo-santo-ce,BREJO SANTO/CE,PAP,instalacao,2026-07-01,30
cabedelo-pb,CABEDELO/PB,LOJA,instalacao,2026-07-01,24
cabedelo-pb,CABEDELO/PB,PAP,instalacao,2026-07-01,30
caico-rn,CAICO/RN,LOJA,instalacao,2026-07-01,38
caico-rn,CAICO/RN,PAP,instalacao,2026-07-01,60
cajazeiras-pb,CAJAZEIRAS/PB,LOJA,instalacao,2026-07-01,24
cajazeiras-pb,CAJAZEIRAS/PB,PAP,instalacao,2026-07-01,75
campina-grande-pb,CAMPINA GRANDE / PB,PAP,instalacao,2026-07-01,280
campina-grande-pb,CAMPINA GRANDE/PB,LOJA,instalacao,2026-07-01,28
caninde-ce,CANINDE/CE,LOJA,instalacao,2026-07-01,28
caninde-ce,CANINDE/CE,PAP,instalacao,2026-07-01,60
caruaru-pe,CARUARU / PE,PAP,instalacao,2026-07-01,220
caruaru-pe,CARUARU/PE,LOJA,instalacao,2026-07-01,23
cascavel-ce,CASCAVEL/CE,LOJA,instalacao,2026-07-01,24
cascavel-ce,CASCAVEL/CE,PAP,instalacao,2026-07-01,75
catole-do-rocha-pb,CATOLE DO ROCHA / PB,PAP,instalacao,2026-07-01,30
catole-do-rocha-pb,CATOLE DO ROCHA/PB,LOJA,instalacao,2026-07-01,17
caucaia-ce,CAUCAIA / CE,PAP,instalacao,2026-07-01,240
caucaia-ce,CAUCAIA/CE,LOJA,instalacao,2026-07-01,14
caucaia-ce,CAUCAIA/CE,QUIOSQUE LOJA,instalacao,2026-07-01,10
ceara-mirim-rn,CEARA-MIRIM/RN,LOJA,instalacao,2026-07-01,28
ceara-mirim-rn,CEARA-MIRIM/RN,PAP,instalacao,2026-07-01,60
cedro-ce,CEDRO/CE,LOJA,instalacao,2026-07-01,24
cedro-ce,CEDRO/CE,PAP,instalacao,2026-07-01,10
coronel-joao-pessoa-rn,CORONEL JOAO PESSOA/RN,PAP,instalacao,2026-07-01,5
crateus-ce,CRATEUS/CE,DONO CIDADE - LOJAS,instalacao,2026-07-01,24
crateus-ce,CRATEUS/CE,PAP,instalacao,2026-07-01,40
crato-ce,CRATO/CE,LOJA,instalacao,2026-07-01,56
crato-ce,CRATO/CE,PAP,instalacao,2026-07-01,60
custodia-pe,CUSTODIA / PE,PAP,instalacao,2026-07-01,30
custodia-pe,CUSTODIA/PE,LOJA,instalacao,2026-07-01,24
doutor-severiano-rn,DOUTOR SEVERIANO/RN,PAP,instalacao,2026-07-01,5
encanto-rn,ENCANTO/RN,PAP,instalacao,2026-07-01,5
eusebio-ce,EUSEBIO / CE,PAP,instalacao,2026-07-01,69
eusebio-ce,EUSEBIO/CE,LOJA,instalacao,2026-07-01,24
extremoz-rn,EXTREMOZ/RN,LOJA,instalacao,2026-07-01,12
extremoz-rn,EXTREMOZ/RN,PAP,instalacao,2026-07-01,60
fortaleza-ce,FORTALEZA / CE,PAP,instalacao,2026-07-01,1380
fortaleza-ce,FORTALEZA/CE,LOJA,instalacao,2026-07-01,70
fortaleza-ce,FORTALEZA/CE,NGC,instalacao,2026-07-01,180
fortaleza-ce,FORTALEZA/CE,QUIOSQUE LOJA,instalacao,2026-07-01,115
gravata-pe,GRAVATA/PE,LOJA,instalacao,2026-07-01,12
gravata-pe,GRAVATA/PE,PAP,instalacao,2026-07-01,60
guaraciaba-do-norte-ce,GUARACIABA DO NORTE/CE,DONO CIDADE - LOJAS,instalacao,2026-07-01,24
guaraciaba-do-norte-ce,GUARACIABA DO NORTE/CE,PAP,instalacao,2026-07-01,30
horizonte-ce,HORIZONTE / CE,PAP,instalacao,2026-07-01,90
horizonte-ce,HORIZONTE/CE,LOJA,instalacao,2026-07-01,42
ibiapina-ce,IBIAPINA/CE,DONO CIDADE - LOJAS,instalacao,2026-07-01,12
ibiapina-ce,IBIAPINA/CE,PAP,instalacao,2026-07-01,10
ico-ce,ICO/CE,LOJA,instalacao,2026-07-01,42
ico-ce,ICO/CE,PAP,instalacao,2026-07-01,20
iguatu-ce,IGUATU / CE,PAP,instalacao,2026-07-01,120
iguatu-ce,IGUATU/CE,LOJA,instalacao,2026-07-01,56
ipu-ce,IPU/CE,DONO CIDADE - LOJAS,instalacao,2026-07-01,24
ipu-ce,IPU/CE,PAP,instalacao,2026-07-01,30
ipueiras-ce,IPUEIRAS/CE,PAP,instalacao,2026-07-01,33
iracema-ce,IRACEMA/CE,DONO CIDADE - LOJAS,instalacao,2026-07-01,24
iracema-ce,IRACEMA/CE,PAP,instalacao,2026-07-01,10
itaitinga-ce,ITAITINGA/CE,PAP,instalacao,2026-07-01,15
itapaje-ce,ITAPAJE/CE,LOJA,instalacao,2026-07-01,12
itapaje-ce,ITAPAJE/CE,PAP,instalacao,2026-07-01,45
itapipoca-ce,ITAPIPOCA/CE,LOJA,instalacao,2026-07-01,24
itapipoca-ce,ITAPIPOCA/CE,PAP,instalacao,2026-07-01,45
jaguaretama-ce,JAGUARETAMA/CE,DONO CIDADE - LOJAS,instalacao,2026-07-01,24
jaguaretama-ce,JAGUARETAMA/CE,PAP,instalacao,2026-07-01,10
jaguaribara-ce,JAGUARIBARA/CE,PAP,instalacao,2026-07-01,5
jaguaribe-ce,JAGUARIBE/CE,DONO CIDADE - LOJAS,instalacao,2026-07-01,24
jaguaribe-ce,JAGUARIBE/CE,PAP,instalacao,2026-07-01,20
joao-pessoa-pb,JOAO PESSOA / PB,PAP,instalacao,2026-07-01,560
joao-pessoa-pb,JOAO PESSOA/PB,LOJA,instalacao,2026-07-01,89
joao-pessoa-pb,JOAO PESSOA/PB,NGC,instalacao,2026-07-01,160
juazeiro-ba,JUAZEIRO / BA,SEM CANAL,instalacao,2026-07-01,10
juazeiro-ba,JUAZEIRO / BA,PAP,instalacao,2026-07-01,200
juazeiro-do-norte-ce,JUAZEIRO DO NORTE/CE,DONO CIDADE - LOJAS,instalacao,2026-07-01,14
juazeiro-do-norte-ce,JUAZEIRO DO NORTE/CE,LOJA,instalacao,2026-07-01,112
juazeiro-do-norte-ce,JUAZEIRO DO NORTE/CE,PAP,instalacao,2026-07-01,280
juazeiro-ba,JUAZEIRO/BA,DONO CIDADE - LOJAS,instalacao,2026-07-01,24
lavras-da-mangabeira-ce,LAVRAS DA MANGABEIRA/CE,LOJA,instalacao,2026-07-01,24
lavras-da-mangabeira-ce,LAVRAS DA MANGABEIRA/CE,PAP,instalacao,2026-07-01,30
limoeiro-do-norte-ce,LIMOEIRO DO NORTE/CE,DONO CIDADE - LOJAS,instalacao,2026-07-01,36
limoeiro-do-norte-ce,LIMOEIRO DO NORTE/CE,PAP,instalacao,2026-07-01,20
macaiba-rn,MACAIBA/RN,LOJA,instalacao,2026-07-01,14
macaiba-rn,MACAIBA/RN,PAP,instalacao,2026-07-01,75
macau-rn,MACAU/RN,PAP,instalacao,2026-07-01,10
maceio-al,MACEIO / AL,PAP,instalacao,2026-07-01,580
maceio-al,MACEIO/AL,LOJA,instalacao,2026-07-01,14
maceio-al,MACEIO/AL,NGC,instalacao,2026-07-01,156
major-sales-rn,MAJOR SALES/RN,DONO CIDADE - LOJAS,instalacao,2026-07-01,24
maracanau-ce,MARACANAU / CE,PAP,instalacao,2026-07-01,200
maracanau-ce,MARACANAU/CE,LOJA,instalacao,2026-07-01,48
maracanau-ce,MARACANAU/CE,QUIOSQUE LOJA,instalacao,2026-07-01,10
maranguape-ce,MARANGUAPE/CE,LOJA,instalacao,2026-07-01,14
maranguape-ce,MARANGUAPE/CE,PAP,instalacao,2026-07-01,140
marechal-deodoro-al,MARECHAL DEODORO/AL,LOJA,instalacao,2026-07-01,24
marechal-deodoro-al,MARECHAL DEODORO/AL,PAP,instalacao,2026-07-01,60
milagres-ce,MILAGRES/CE,LOJA,instalacao,2026-07-01,12
milagres-ce,MILAGRES/CE,PAP,instalacao,2026-07-01,10
missao-velha-ce,MISSAO VELHA/CE,LOJA,instalacao,2026-07-01,24
missao-velha-ce,MISSAO VELHA/CE,PAP,instalacao,2026-07-01,20
mombaca-ce,MOMBACA/CE,LOJA,instalacao,2026-07-01,24
mombaca-ce,MOMBACA/CE,PAP,instalacao,2026-07-01,30
morada-nova-ce,MORADA NOVA/CE,DONO CIDADE - LOJAS,instalacao,2026-07-01,36
morada-nova-ce,MORADA NOVA/CE,PAP,instalacao,2026-07-01,20
mossoro-rn,MOSSORO/RN,LOJA,instalacao,2026-07-01,56
mossoro-rn,MOSSORO/RN,PAP,instalacao,2026-07-01,300
mucambo-ce,MUCAMBO/CE,PAP,instalacao,2026-07-01,15
natal-rn,NATAL / RN,PAP,instalacao,2026-07-01,680
natal-rn,NATAL/RN,SEM CANAL,instalacao,2026-07-01,14
natal-rn,NATAL/RN,LOJA,instalacao,2026-07-01,124
natal-rn,NATAL/RN,NGC,instalacao,2026-07-01,160
natal-rn,NATAL/RN,QUIOSQUE LOJA,instalacao,2026-07-01,30
nisia-floresta-rn,NISIA FLORESTA/RN,PAP,instalacao,2026-07-01,20
oros-ce,OROS/CE,LOJA,instalacao,2026-07-01,24
oros-ce,OROS/CE,PAP,instalacao,2026-07-01,5
ouricuri-pe,OURICURI/PE,DONO CIDADE - LOJAS,instalacao,2026-07-01,24
ouricuri-pe,OURICURI/PE,PAP,instalacao,2026-07-01,45
pacajus-ce,PACAJUS / CE,PAP,instalacao,2026-07-01,60
pacajus-ce,PACAJUS/CE,LOJA,instalacao,2026-07-01,42
paraipaba-ce,PARAIPABA/CE,PAP,instalacao,2026-07-01,45
parnaiba-pi,PARNAIBA/PI,DONO CIDADE - LOJAS,instalacao,2026-07-01,28
parnaiba-pi,PARNAIBA/PI,PAP,instalacao,2026-07-01,200
parnamirim-rn,PARNAMIRIM/RN,DONO CIDADE - LOJAS,instalacao,2026-07-01,56
parnamirim-rn,PARNAMIRIM/RN,PAP,instalacao,2026-07-01,220
patos-pb,PATOS/PB,LOJA,instalacao,2026-07-01,42
patos-pb,PATOS/PB,PAP,instalacao,2026-07-01,90
pau-dos-ferros-rn,PAU DOS FERROS/RN,DONO CIDADE - LOJAS,instalacao,2026-07-01,48
pau-dos-ferros-rn,PAU DOS FERROS/RN,PAP,instalacao,2026-07-01,30
pedra-branca-ce,PEDRA BRANCA/CE,LOJA,instalacao,2026-07-01,12
pedra-branca-ce,PEDRA BRANCA/CE,PAP,instalacao,2026-07-01,15
pereiro-ce,PEREIRO/CE,DONO CIDADE - LOJAS,instalacao,2026-07-01,24
pesqueira-pe,PESQUEIRA/PE,LOJA,instalacao,2026-07-01,12
pesqueira-pe,PESQUEIRA/PE,PAP,instalacao,2026-07-01,45
petrolina-pe,PETROLINA/PE,DONO CIDADE - LOJAS,instalacao,2026-07-01,24
petrolina-pe,PETROLINA/PE,PAP,instalacao,2026-07-01,380
pombal-pb,POMBAL/PB,LOJA,instalacao,2026-07-01,12
pombal-pb,POMBAL/PB,PAP,instalacao,2026-07-01,45
quixada-ce,QUIXADA / CE,PAP,instalacao,2026-07-01,50
quixada-ce,QUIXADA/CE,DONO CIDADE - LOJAS,instalacao,2026-07-01,56
quixeramobim-ce,QUIXERAMOBIM/CE,DONO CIDADE - LOJAS,instalacao,2026-07-01,33
quixeramobim-ce,QUIXERAMOBIM/CE,PAP,instalacao,2026-07-01,50
quixere-ce,QUIXERE/CE,LOJA,instalacao,2026-07-01,12
quixere-ce,QUIXERE/CE,PAP,instalacao,2026-07-01,20
rafael-fernandes-rn,RAFAEL FERNANDES/RN,PAP,instalacao,2026-07-01,5
rio-largo-al,RIO LARGO/AL,LOJA,instalacao,2026-07-01,42
rio-largo-al,RIO LARGO/AL,PAP,instalacao,2026-07-01,80
russas-ce,RUSSAS/CE,DONO CIDADE - LOJAS,instalacao,2026-07-01,12
russas-ce,RUSSAS/CE,PAP,instalacao,2026-07-01,20
salgueiro-pe,SALGUEIRO/PE,DONO CIDADE - LOJAS,instalacao,2026-07-01,24
salgueiro-pe,SALGUEIRO/PE,PAP,instalacao,2026-07-01,30
santa-luzia-pb,SANTA LUZIA/PB,LOJA,instalacao,2026-07-01,24
santa-luzia-pb,SANTA LUZIA/PB,PAP,instalacao,2026-07-01,5
santa-rita-pb,SANTA RITA / PB,PAP,instalacao,2026-07-01,86
santa-rita-pb,SANTA RITA/PB,LOJA,instalacao,2026-07-01,28
sao-benedito-ce,SAO BENEDITO/CE,DONO CIDADE - LOJAS,instalacao,2026-07-01,17
sao-benedito-ce,SAO BENEDITO/CE,PAP,instalacao,2026-07-01,30
sao-bento-pb,SAO BENTO/PB,DONO CIDADE - LOJAS,instalacao,2026-07-01,24
sao-caitano-pe,SAO CAITANO/PE,NGC,instalacao,2026-07-01,20
sao-goncalo-do-amarante-rn,SAO GONCALO DO AMARANTE/RN,PAP,instalacao,2026-07-01,60
sao-jose-de-mipibu-rn,SAO JOSE DE MIPIBU/RN,LOJA,instalacao,2026-07-01,38
sao-jose-de-mipibu-rn,SAO JOSE DE MIPIBU/RN,PAP,instalacao,2026-07-01,30
sao-miguel-rn,SAO MIGUEL/RN,DONO CIDADE - LOJAS,instalacao,2026-07-01,28
sao-miguel-rn,SAO MIGUEL/RN,PAP,instalacao,2026-07-01,20
senador-pompeu-ce,SENADOR POMPEU/CE,LOJA,instalacao,2026-07-01,24
senador-pompeu-ce,SENADOR POMPEU/CE,PAP,instalacao,2026-07-01,20
serra-talhada-pe,SERRA TALHADA/PE,LOJA,instalacao,2026-07-01,24
serra-talhada-pe,SERRA TALHADA/PE,PAP,instalacao,2026-07-01,45
sobral-ce,SOBRAL/CE,LOJA,instalacao,2026-07-01,64
sobral-ce,SOBRAL/CE,PAP,instalacao,2026-07-01,180
solanea-pb,SOLANEA/PB,PAP,instalacao,2026-07-01,14
sousa-pb,SOUSA/PB,LOJA,instalacao,2026-07-01,28
sousa-pb,SOUSA/PB,PAP,instalacao,2026-07-01,30
tabuleiro-do-norte-ce,TABULEIRO DO NORTE/CE,LOJA,instalacao,2026-07-01,24
tabuleiro-do-norte-ce,TABULEIRO DO NORTE/CE,PAP,instalacao,2026-07-01,20
taua-ce,TAUA/CE,LOJA,instalacao,2026-07-01,12
taua-ce,TAUA/CE,PAP,instalacao,2026-07-01,40
teresina-pi,TERESINA/PI,LOJA,instalacao,2026-07-01,54
teresina-pi,TERESINA/PI,PAP,instalacao,2026-07-01,476
tiangua-ce,TIANGUA / CE,PAP,instalacao,2026-07-01,41
tiangua-ce,TIANGUA/CE,DONO CIDADE - LOJAS,instalacao,2026-07-01,24
timon-ma,TIMON/MA,LOJA,instalacao,2026-07-01,12
timon-ma,TIMON/MA,PAP,instalacao,2026-07-01,156
toritama-pe,TORITAMA/PE,LOJA,instalacao,2026-07-01,24
toritama-pe,TORITAMA/PE,PAP,instalacao,2026-07-01,30
ubajara-ce,UBAJARA/CE,DONO CIDADE - LOJAS,instalacao,2026-07-01,24
ubajara-ce,UBAJARA/CE,PAP,instalacao,2026-07-01,20
uirauna-pb,UIRAUNA/PB,DONO CIDADE - LOJAS,instalacao,2026-07-01,24
uirauna-pb,UIRAUNA/PB,PAP,instalacao,2026-07-01,10
umarizal-rn,UMARIZAL/RN,DONO CIDADE - LOJAS,instalacao,2026-07-01,24
varzea-alegre-ce,VARZEA ALEGRE/CE,LOJA,instalacao,2026-07-01,24
varzea-alegre-ce,VARZEA ALEGRE/CE,PAP,instalacao,2026-07-01,20
