cidade_slug,cidade_origem,mes_ref,meta
abreu-e-lima-pe,ABREU E LIMA/PE,2026-01-01,119
abreu-e-lima-pe,ABREU E LIMA/PE,2026-02-01,93
abreu-e-lima-pe,ABREU E LIMA/PE,2026-03-01,112
abreu-e-lima-pe,ABREU E LIMA/PE,2026-04-01,104
abreu-e-lima-pe,ABREU E LIMA/PE,2026-05-01,116
abreu-e-lima-pe,ABREU E LIMA/PE,2026-06-01,90
abreu-e-lima-pe,ABREU E LIMA/PE,2026-07-01,90
abreu-e-lima-pe,ABREU E LIMA/PE,2026-08-01,90
abreu-e-lima-pe,ABREU E LIMA/PE,2026-09-01,90
abreu-e-lima-pe,ABREU E LIMA/PE,2026-10-01,90
abreu-e-lima-pe,ABREU E LIMA/PE,2026-11-01,90
abreu-e-lima-pe,ABREU E LIMA/PE,2026-12-01,90
acarau-ce,ACARAU/CE,2026-01-01,93
acarau-ce,ACARAU/CE,2026-02-01,75
acarau-ce,ACARAU/CE,2026-03-01,88
acarau-ce,ACARAU/CE,2026-04-01,87
acarau-ce,ACARAU/CE,2026-05-01,101
acarau-ce,ACARAU/CE,2026-06-01,78
acarau-ce,ACARAU/CE,2026-07-01,78
acarau-ce,ACARAU/CE,2026-08-01,78
acarau-ce,ACARAU/CE,2026-09-01,78
acarau-ce,ACARAU/CE,2026-10-01,78
acarau-ce,ACARAU/CE,2026-11-01,78
acarau-ce,ACARAU/CE,2026-12-01,78
acopiara-ce,ACOPIARA/CE,2026-01-01,77
acopiara-ce,ACOPIARA/CE,2026-02-01,69
acopiara-ce,ACOPIARA/CE,2026-03-01,83
acopiara-ce,ACOPIARA/CE,2026-04-01,80
acopiara-ce,ACOPIARA/CE,2026-05-01,91
acopiara-ce,ACOPIARA/CE,2026-06-01,75
acopiara-ce,ACOPIARA/CE,2026-07-01,72
acopiara-ce,ACOPIARA/CE,2026-08-01,72
acopiara-ce,ACOPIARA/CE,2026-09-01,72
acopiara-ce,ACOPIARA/CE,2026-10-01,72
acopiara-ce,ACOPIARA/CE,2026-11-01,72
acopiara-ce,ACOPIARA/CE,2026-12-01,72
alagoinhas-ba,ALAGOINHAS/BA,2026-01-01,473
alagoinhas-ba,ALAGOINHAS/BA,2026-02-01,385
alagoinhas-ba,ALAGOINHAS/BA,2026-03-01,450
alagoinhas-ba,ALAGOINHAS/BA,2026-04-01,446
alagoinhas-ba,ALAGOINHAS/BA,2026-05-01,500
alagoinhas-ba,ALAGOINHAS/BA,2026-06-01,388
alagoinhas-ba,ALAGOINHAS/BA,2026-07-01,388
alagoinhas-ba,ALAGOINHAS/BA,2026-08-01,388
alagoinhas-ba,ALAGOINHAS/BA,2026-09-01,388
alagoinhas-ba,ALAGOINHAS/BA,2026-10-01,388
alagoinhas-ba,ALAGOINHAS/BA,2026-11-01,388
alagoinhas-ba,ALAGOINHAS/BA,2026-12-01,388
altos-pi,ALTOS/PI,2026-01-01,99
altos-pi,ALTOS/PI,2026-02-01,117
altos-pi,ALTOS/PI,2026-03-01,137
altos-pi,ALTOS/PI,2026-04-01,136
altos-pi,ALTOS/PI,2026-05-01,153
altos-pi,ALTOS/PI,2026-06-01,118
altos-pi,ALTOS/PI,2026-07-01,118
altos-pi,ALTOS/PI,2026-08-01,118
altos-pi,ALTOS/PI,2026-09-01,118
altos-pi,ALTOS/PI,2026-10-01,118
altos-pi,ALTOS/PI,2026-11-01,118
altos-pi,ALTOS/PI,2026-12-01,118
aquiraz-ce,AQUIRAZ/CE,2026-01-01,53
aquiraz-ce,AQUIRAZ/CE,2026-02-01,114
aquiraz-ce,AQUIRAZ/CE,2026-03-01,133
aquiraz-ce,AQUIRAZ/CE,2026-04-01,132
aquiraz-ce,AQUIRAZ/CE,2026-05-01,148
aquiraz-ce,AQUIRAZ/CE,2026-06-01,115
aquiraz-ce,AQUIRAZ/CE,2026-07-01,115
aquiraz-ce,AQUIRAZ/CE,2026-08-01,115
aquiraz-ce,AQUIRAZ/CE,2026-09-01,115
aquiraz-ce,AQUIRAZ/CE,2026-10-01,115
aquiraz-ce,AQUIRAZ/CE,2026-11-01,115
aquiraz-ce,AQUIRAZ/CE,2026-12-01,115
aracaju-se,ARACAJU/SE,2026-01-01,1674
aracaju-se,ARACAJU/SE,2026-02-01,1343
aracaju-se,ARACAJU/SE,2026-03-01,1571
aracaju-se,ARACAJU/SE,2026-04-01,1557
aracaju-se,ARACAJU/SE,2026-05-01,1766
aracaju-se,ARACAJU/SE,2026-06-01,1368
aracaju-se,ARACAJU/SE,2026-07-01,1368
aracaju-se,ARACAJU/SE,2026-08-01,1368
aracaju-se,ARACAJU/SE,2026-09-01,1368
aracaju-se,ARACAJU/SE,2026-10-01,1368
aracaju-se,ARACAJU/SE,2026-11-01,1368
aracaju-se,ARACAJU/SE,2026-12-01,1368
arapiraca-al,ARAPIRACA/AL,2026-01-01,503
arapiraca-al,ARAPIRACA/AL,2026-02-01,367
arapiraca-al,ARAPIRACA/AL,2026-03-01,430
arapiraca-al,ARAPIRACA/AL,2026-04-01,426
arapiraca-al,ARAPIRACA/AL,2026-05-01,498
arapiraca-al,ARAPIRACA/AL,2026-06-01,386
arapiraca-al,ARAPIRACA/AL,2026-07-01,386
arapiraca-al,ARAPIRACA/AL,2026-08-01,386
arapiraca-al,ARAPIRACA/AL,2026-09-01,386
arapiraca-al,ARAPIRACA/AL,2026-10-01,386
arapiraca-al,ARAPIRACA/AL,2026-11-01,386
arapiraca-al,ARAPIRACA/AL,2026-12-01,386
araripina-pe,ARARIPINA/PE,2026-01-01,95
araripina-pe,ARARIPINA/PE,2026-02-01,72
araripina-pe,ARARIPINA/PE,2026-03-01,84
araripina-pe,ARARIPINA/PE,2026-04-01,83
araripina-pe,ARARIPINA/PE,2026-05-01,98
araripina-pe,ARARIPINA/PE,2026-06-01,76
araripina-pe,ARARIPINA/PE,2026-07-01,76
araripina-pe,ARARIPINA/PE,2026-08-01,76
araripina-pe,ARARIPINA/PE,2026-09-01,76
araripina-pe,ARARIPINA/PE,2026-10-01,76
araripina-pe,ARARIPINA/PE,2026-11-01,76
araripina-pe,ARARIPINA/PE,2026-12-01,76
arcoverde-pe,ARCOVERDE/PE,2026-01-01,121
arcoverde-pe,ARCOVERDE/PE,2026-02-01,79
arcoverde-pe,ARCOVERDE/PE,2026-03-01,83
arcoverde-pe,ARCOVERDE/PE,2026-04-01,81
arcoverde-pe,ARCOVERDE/PE,2026-05-01,89
arcoverde-pe,ARCOVERDE/PE,2026-06-01,85
arcoverde-pe,ARCOVERDE/PE,2026-07-01,85
arcoverde-pe,ARCOVERDE/PE,2026-08-01,85
arcoverde-pe,ARCOVERDE/PE,2026-09-01,85
arcoverde-pe,ARCOVERDE/PE,2026-10-01,85
arcoverde-pe,ARCOVERDE/PE,2026-11-01,85
arcoverde-pe,ARCOVERDE/PE,2026-12-01,85
assu-rn,ASSU/RN,2026-01-01,81
assu-rn,ASSU/RN,2026-02-01,69
assu-rn,ASSU/RN,2026-03-01,81
assu-rn,ASSU/RN,2026-04-01,80
assu-rn,ASSU/RN,2026-05-01,84
assu-rn,ASSU/RN,2026-06-01,75
assu-rn,ASSU/RN,2026-07-01,75
assu-rn,ASSU/RN,2026-08-01,75
assu-rn,ASSU/RN,2026-09-01,75
assu-rn,ASSU/RN,2026-10-01,75
assu-rn,ASSU/RN,2026-11-01,75
assu-rn,ASSU/RN,2026-12-01,75
banabuiu-ce,BANABUIU/CE,2026-01-01,32
banabuiu-ce,BANABUIU/CE,2026-02-01,32
banabuiu-ce,BANABUIU/CE,2026-03-01,38
banabuiu-ce,BANABUIU/CE,2026-04-01,37
banabuiu-ce,BANABUIU/CE,2026-05-01,40
banabuiu-ce,BANABUIU/CE,2026-06-01,33
banabuiu-ce,BANABUIU/CE,2026-07-01,33
banabuiu-ce,BANABUIU/CE,2026-08-01,33
banabuiu-ce,BANABUIU/CE,2026-09-01,33
banabuiu-ce,BANABUIU/CE,2026-10-01,33
banabuiu-ce,BANABUIU/CE,2026-11-01,33
banabuiu-ce,BANABUIU/CE,2026-12-01,33
barauna-rn,BARAUNA/RN,2026-01-01,30
barauna-rn,BARAUNA/RN,2026-02-01,37
barauna-rn,BARAUNA/RN,2026-03-01,43
barauna-rn,BARAUNA/RN,2026-04-01,42
barauna-rn,BARAUNA/RN,2026-05-01,52
barauna-rn,BARAUNA/RN,2026-06-01,41
barauna-rn,BARAUNA/RN,2026-07-01,41
barauna-rn,BARAUNA/RN,2026-08-01,41
barauna-rn,BARAUNA/RN,2026-09-01,41
barauna-rn,BARAUNA/RN,2026-10-01,41
barauna-rn,BARAUNA/RN,2026-11-01,41
barauna-rn,BARAUNA/RN,2026-12-01,41
barbalha-ce,BARBALHA/CE,2026-01-01,192
barbalha-ce,BARBALHA/CE,2026-02-01,241
barbalha-ce,BARBALHA/CE,2026-03-01,282
barbalha-ce,BARBALHA/CE,2026-04-01,279
barbalha-ce,BARBALHA/CE,2026-05-01,294
barbalha-ce,BARBALHA/CE,2026-06-01,249
barbalha-ce,BARBALHA/CE,2026-07-01,249
barbalha-ce,BARBALHA/CE,2026-08-01,249
barbalha-ce,BARBALHA/CE,2026-09-01,249
barbalha-ce,BARBALHA/CE,2026-10-01,249
barbalha-ce,BARBALHA/CE,2026-11-01,249
barbalha-ce,BARBALHA/CE,2026-12-01,249
barra-dos-coqueiros-se,BARRA DOS COQUEIROS/SE,2026-01-01,119
barra-dos-coqueiros-se,BARRA DOS COQUEIROS/SE,2026-02-01,119
barra-dos-coqueiros-se,BARRA DOS COQUEIROS/SE,2026-03-01,140
barra-dos-coqueiros-se,BARRA DOS COQUEIROS/SE,2026-04-01,139
barra-dos-coqueiros-se,BARRA DOS COQUEIROS/SE,2026-05-01,155
barra-dos-coqueiros-se,BARRA DOS COQUEIROS/SE,2026-06-01,120
barra-dos-coqueiros-se,BARRA DOS COQUEIROS/SE,2026-07-01,120
barra-dos-coqueiros-se,BARRA DOS COQUEIROS/SE,2026-08-01,120
barra-dos-coqueiros-se,BARRA DOS COQUEIROS/SE,2026-09-01,120
barra-dos-coqueiros-se,BARRA DOS COQUEIROS/SE,2026-10-01,120
barra-dos-coqueiros-se,BARRA DOS COQUEIROS/SE,2026-11-01,120
barra-dos-coqueiros-se,BARRA DOS COQUEIROS/SE,2026-12-01,120
bayeux-pb,BAYEUX/PB,2026-01-01,237
bayeux-pb,BAYEUX/PB,2026-02-01,238
bayeux-pb,BAYEUX/PB,2026-03-01,272
bayeux-pb,BAYEUX/PB,2026-04-01,270
bayeux-pb,BAYEUX/PB,2026-05-01,306
bayeux-pb,BAYEUX/PB,2026-06-01,252
bayeux-pb,BAYEUX/PB,2026-07-01,252
bayeux-pb,BAYEUX/PB,2026-08-01,252
bayeux-pb,BAYEUX/PB,2026-09-01,252
bayeux-pb,BAYEUX/PB,2026-10-01,252
bayeux-pb,BAYEUX/PB,2026-11-01,252
bayeux-pb,BAYEUX/PB,2026-12-01,252
belo-jardim-pe,BELO JARDIM/PE,2026-01-01,143
belo-jardim-pe,BELO JARDIM/PE,2026-02-01,97
belo-jardim-pe,BELO JARDIM/PE,2026-03-01,114
belo-jardim-pe,BELO JARDIM/PE,2026-04-01,105
belo-jardim-pe,BELO JARDIM/PE,2026-05-01,109
belo-jardim-pe,BELO JARDIM/PE,2026-06-01,104
belo-jardim-pe,BELO JARDIM/PE,2026-07-01,104
belo-jardim-pe,BELO JARDIM/PE,2026-08-01,104
belo-jardim-pe,BELO JARDIM/PE,2026-09-01,104
belo-jardim-pe,BELO JARDIM/PE,2026-10-01,104
belo-jardim-pe,BELO JARDIM/PE,2026-11-01,104
belo-jardim-pe,BELO JARDIM/PE,2026-12-01,104
bezerros-pe,BEZERROS/PE,2026-01-01,119
bezerros-pe,BEZERROS/PE,2026-02-01,91
bezerros-pe,BEZERROS/PE,2026-03-01,96
bezerros-pe,BEZERROS/PE,2026-04-01,89
bezerros-pe,BEZERROS/PE,2026-05-01,100
bezerros-pe,BEZERROS/PE,2026-06-01,90
bezerros-pe,BEZERROS/PE,2026-07-01,90
bezerros-pe,BEZERROS/PE,2026-08-01,90
bezerros-pe,BEZERROS/PE,2026-09-01,90
bezerros-pe,BEZERROS/PE,2026-10-01,90
bezerros-pe,BEZERROS/PE,2026-11-01,90
bezerros-pe,BEZERROS/PE,2026-12-01,90
bom-conselho-pe,BOM CONSELHO/PE,2026-01-01,53
bom-conselho-pe,BOM CONSELHO/PE,2026-02-01,45
bom-conselho-pe,BOM CONSELHO/PE,2026-03-01,55
bom-conselho-pe,BOM CONSELHO/PE,2026-04-01,49
bom-conselho-pe,BOM CONSELHO/PE,2026-05-01,51
bom-conselho-pe,BOM CONSELHO/PE,2026-06-01,52
bom-conselho-pe,BOM CONSELHO/PE,2026-07-01,58
bom-conselho-pe,BOM CONSELHO/PE,2026-08-01,55
bom-conselho-pe,BOM CONSELHO/PE,2026-09-01,54
bom-conselho-pe,BOM CONSELHO/PE,2026-10-01,56
bom-conselho-pe,BOM CONSELHO/PE,2026-11-01,57
bom-conselho-pe,BOM CONSELHO/PE,2026-12-01,56
brejo-da-madre-de-deus-pe,BREJO DA MADRE DE DEUS/PE,2026-01-01,2
brejo-da-madre-de-deus-pe,BREJO DA MADRE DE DEUS/PE,2026-02-01,3
brejo-da-madre-de-deus-pe,BREJO DA MADRE DE DEUS/PE,2026-03-01,3
brejo-da-madre-de-deus-pe,BREJO DA MADRE DE DEUS/PE,2026-04-01,4
brejo-da-madre-de-deus-pe,BREJO DA MADRE DE DEUS/PE,2026-05-01,4
brejo-da-madre-de-deus-pe,BREJO DA MADRE DE DEUS/PE,2026-06-01,3.7
brejo-da-madre-de-deus-pe,BREJO DA MADRE DE DEUS/PE,2026-07-01,4
brejo-da-madre-de-deus-pe,BREJO DA MADRE DE DEUS/PE,2026-08-01,4
brejo-da-madre-de-deus-pe,BREJO DA MADRE DE DEUS/PE,2026-09-01,4
brejo-da-madre-de-deus-pe,BREJO DA MADRE DE DEUS/PE,2026-10-01,4
brejo-da-madre-de-deus-pe,BREJO DA MADRE DE DEUS/PE,2026-11-01,4
brejo-da-madre-de-deus-pe,BREJO DA MADRE DE DEUS/PE,2026-12-01,4
brejo-santo-ce,BREJO SANTO/CE,2026-01-01,165
brejo-santo-ce,BREJO SANTO/CE,2026-02-01,150
brejo-santo-ce,BREJO SANTO/CE,2026-03-01,175
brejo-santo-ce,BREJO SANTO/CE,2026-04-01,174
brejo-santo-ce,BREJO SANTO/CE,2026-05-01,194
brejo-santo-ce,BREJO SANTO/CE,2026-06-01,150
brejo-santo-ce,BREJO SANTO/CE,2026-07-01,150
brejo-santo-ce,BREJO SANTO/CE,2026-08-01,150
brejo-santo-ce,BREJO SANTO/CE,2026-09-01,150
brejo-santo-ce,BREJO SANTO/CE,2026-10-01,150
brejo-santo-ce,BREJO SANTO/CE,2026-11-01,150
brejo-santo-ce,BREJO SANTO/CE,2026-12-01,150
cabedelo-pb,CABEDELO/PB,2026-01-01,281
cabedelo-pb,CABEDELO/PB,2026-02-01,266
cabedelo-pb,CABEDELO/PB,2026-03-01,311
cabedelo-pb,CABEDELO/PB,2026-04-01,309
cabedelo-pb,CABEDELO/PB,2026-05-01,346
cabedelo-pb,CABEDELO/PB,2026-06-01,295
cabedelo-pb,CABEDELO/PB,2026-07-01,295
cabedelo-pb,CABEDELO/PB,2026-08-01,295
cabedelo-pb,CABEDELO/PB,2026-09-01,295
cabedelo-pb,CABEDELO/PB,2026-10-01,295
cabedelo-pb,CABEDELO/PB,2026-11-01,295
cabedelo-pb,CABEDELO/PB,2026-12-01,295
cabo-de-santo-agostinho-pe,CABO DE SANTO AGOSTINHO/PE,2026-01-01,298
cabo-de-santo-agostinho-pe,CABO DE SANTO AGOSTINHO/PE,2026-02-01,312
cabo-de-santo-agostinho-pe,CABO DE SANTO AGOSTINHO/PE,2026-03-01,365
cabo-de-santo-agostinho-pe,CABO DE SANTO AGOSTINHO/PE,2026-04-01,361
cabo-de-santo-agostinho-pe,CABO DE SANTO AGOSTINHO/PE,2026-05-01,396
cabo-de-santo-agostinho-pe,CABO DE SANTO AGOSTINHO/PE,2026-06-01,307
cabo-de-santo-agostinho-pe,CABO DE SANTO AGOSTINHO/PE,2026-07-01,307
cabo-de-santo-agostinho-pe,CABO DE SANTO AGOSTINHO/PE,2026-08-01,307
cabo-de-santo-agostinho-pe,CABO DE SANTO AGOSTINHO/PE,2026-09-01,307
cabo-de-santo-agostinho-pe,CABO DE SANTO AGOSTINHO/PE,2026-10-01,307
cabo-de-santo-agostinho-pe,CABO DE SANTO AGOSTINHO/PE,2026-11-01,307
cabo-de-santo-agostinho-pe,CABO DE SANTO AGOSTINHO/PE,2026-12-01,307
caico-rn,CAICO/RN,2026-01-01,124
caico-rn,CAICO/RN,2026-02-01,127
caico-rn,CAICO/RN,2026-03-01,148
caico-rn,CAICO/RN,2026-04-01,147
caico-rn,CAICO/RN,2026-05-01,159
caico-rn,CAICO/RN,2026-06-01,127
caico-rn,CAICO/RN,2026-07-01,127
caico-rn,CAICO/RN,2026-08-01,127
caico-rn,CAICO/RN,2026-09-01,127
caico-rn,CAICO/RN,2026-10-01,127
caico-rn,CAICO/RN,2026-11-01,127
caico-rn,CAICO/RN,2026-12-01,127
cajazeiras-pb,CAJAZEIRAS/PB,2026-01-01,145
cajazeiras-pb,CAJAZEIRAS/PB,2026-02-01,220
cajazeiras-pb,CAJAZEIRAS/PB,2026-03-01,258
cajazeiras-pb,CAJAZEIRAS/PB,2026-04-01,255
cajazeiras-pb,CAJAZEIRAS/PB,2026-05-01,274
cajazeiras-pb,CAJAZEIRAS/PB,2026-06-01,226
cajazeiras-pb,CAJAZEIRAS/PB,2026-07-01,226
cajazeiras-pb,CAJAZEIRAS/PB,2026-08-01,226
cajazeiras-pb,CAJAZEIRAS/PB,2026-09-01,226
cajazeiras-pb,CAJAZEIRAS/PB,2026-10-01,226
cajazeiras-pb,CAJAZEIRAS/PB,2026-11-01,226
cajazeiras-pb,CAJAZEIRAS/PB,2026-12-01,226
camacari-ba,CAMACARI/BA,2026-01-01,796
camacari-ba,CAMACARI/BA,2026-02-01,738
camacari-ba,CAMACARI/BA,2026-03-01,863
camacari-ba,CAMACARI/BA,2026-04-01,855
camacari-ba,CAMACARI/BA,2026-05-01,995
camacari-ba,CAMACARI/BA,2026-06-01,771
camacari-ba,CAMACARI/BA,2026-07-01,771
camacari-ba,CAMACARI/BA,2026-08-01,771
camacari-ba,CAMACARI/BA,2026-09-01,771
camacari-ba,CAMACARI/BA,2026-10-01,771
camacari-ba,CAMACARI/BA,2026-11-01,771
camacari-ba,CAMACARI/BA,2026-12-01,771
camaragibe-pe,CAMARAGIBE/PE,2026-01-01,205
camaragibe-pe,CAMARAGIBE/PE,2026-02-01,179
camaragibe-pe,CAMARAGIBE/PE,2026-03-01,209
camaragibe-pe,CAMARAGIBE/PE,2026-04-01,208
camaragibe-pe,CAMARAGIBE/PE,2026-05-01,240
camaragibe-pe,CAMARAGIBE/PE,2026-06-01,186
camaragibe-pe,CAMARAGIBE/PE,2026-07-01,186
camaragibe-pe,CAMARAGIBE/PE,2026-08-01,186
camaragibe-pe,CAMARAGIBE/PE,2026-09-01,186
camaragibe-pe,CAMARAGIBE/PE,2026-10-01,186
camaragibe-pe,CAMARAGIBE/PE,2026-11-01,186
camaragibe-pe,CAMARAGIBE/PE,2026-12-01,186
campina-grande-pb,CAMPINA GRANDE/PB,2026-01-01,926
campina-grande-pb,CAMPINA GRANDE/PB,2026-02-01,909
campina-grande-pb,CAMPINA GRANDE/PB,2026-03-01,999
campina-grande-pb,CAMPINA GRANDE/PB,2026-04-01,987
campina-grande-pb,CAMPINA GRANDE/PB,2026-05-01,1163
campina-grande-pb,CAMPINA GRANDE/PB,2026-06-01,970
campina-grande-pb,CAMPINA GRANDE/PB,2026-07-01,970
campina-grande-pb,CAMPINA GRANDE/PB,2026-08-01,970
campina-grande-pb,CAMPINA GRANDE/PB,2026-09-01,970
campina-grande-pb,CAMPINA GRANDE/PB,2026-10-01,970
campina-grande-pb,CAMPINA GRANDE/PB,2026-11-01,970
campina-grande-pb,CAMPINA GRANDE/PB,2026-12-01,970
campo-maior-pi,CAMPO MAIOR/PI,2026-01-01,125
campo-maior-pi,CAMPO MAIOR/PI,2026-02-01,149
campo-maior-pi,CAMPO MAIOR/PI,2026-03-01,174
campo-maior-pi,CAMPO MAIOR/PI,2026-04-01,173
campo-maior-pi,CAMPO MAIOR/PI,2026-05-01,188
campo-maior-pi,CAMPO MAIOR/PI,2026-06-01,150
campo-maior-pi,CAMPO MAIOR/PI,2026-07-01,150
campo-maior-pi,CAMPO MAIOR/PI,2026-08-01,150
campo-maior-pi,CAMPO MAIOR/PI,2026-09-01,150
campo-maior-pi,CAMPO MAIOR/PI,2026-10-01,150
campo-maior-pi,CAMPO MAIOR/PI,2026-11-01,150
campo-maior-pi,CAMPO MAIOR/PI,2026-12-01,150
caninde-de-sao-francisco-se,CANINDE DE SAO FRANCISCO/SE,2026-01-01,44
caninde-de-sao-francisco-se,CANINDE DE SAO FRANCISCO/SE,2026-02-01,38
caninde-de-sao-francisco-se,CANINDE DE SAO FRANCISCO/SE,2026-03-01,46
caninde-de-sao-francisco-se,CANINDE DE SAO FRANCISCO/SE,2026-04-01,42
caninde-de-sao-francisco-se,CANINDE DE SAO FRANCISCO/SE,2026-05-01,43
caninde-de-sao-francisco-se,CANINDE DE SAO FRANCISCO/SE,2026-06-01,43
caninde-de-sao-francisco-se,CANINDE DE SAO FRANCISCO/SE,2026-07-01,49
caninde-de-sao-francisco-se,CANINDE DE SAO FRANCISCO/SE,2026-08-01,46
caninde-de-sao-francisco-se,CANINDE DE SAO FRANCISCO/SE,2026-09-01,46
caninde-de-sao-francisco-se,CANINDE DE SAO FRANCISCO/SE,2026-10-01,47
caninde-de-sao-francisco-se,CANINDE DE SAO FRANCISCO/SE,2026-11-01,48
caninde-de-sao-francisco-se,CANINDE DE SAO FRANCISCO/SE,2026-12-01,47
caninde-ce,CANINDE/CE,2026-01-01,151
caninde-ce,CANINDE/CE,2026-02-01,131
caninde-ce,CANINDE/CE,2026-03-01,153
caninde-ce,CANINDE/CE,2026-04-01,152
caninde-ce,CANINDE/CE,2026-05-01,167
caninde-ce,CANINDE/CE,2026-06-01,129
caninde-ce,CANINDE/CE,2026-07-01,129
caninde-ce,CANINDE/CE,2026-08-01,129
caninde-ce,CANINDE/CE,2026-09-01,129
caninde-ce,CANINDE/CE,2026-10-01,129
caninde-ce,CANINDE/CE,2026-11-01,129
caninde-ce,CANINDE/CE,2026-12-01,129
caruaru-pe,CARUARU/PE,2026-01-01,685
caruaru-pe,CARUARU/PE,2026-02-01,874
caruaru-pe,CARUARU/PE,2026-03-01,1022
caruaru-pe,CARUARU/PE,2026-04-01,1013
caruaru-pe,CARUARU/PE,2026-05-01,1106
caruaru-pe,CARUARU/PE,2026-06-01,857
caruaru-pe,CARUARU/PE,2026-07-01,857
caruaru-pe,CARUARU/PE,2026-08-01,857
caruaru-pe,CARUARU/PE,2026-09-01,857
caruaru-pe,CARUARU/PE,2026-10-01,857
caruaru-pe,CARUARU/PE,2026-11-01,857
caruaru-pe,CARUARU/PE,2026-12-01,857
cascavel-ce,CASCAVEL/CE,2026-01-01,150
cascavel-ce,CASCAVEL/CE,2026-02-01,157
cascavel-ce,CASCAVEL/CE,2026-03-01,183
cascavel-ce,CASCAVEL/CE,2026-04-01,182
cascavel-ce,CASCAVEL/CE,2026-05-01,198
cascavel-ce,CASCAVEL/CE,2026-06-01,154
cascavel-ce,CASCAVEL/CE,2026-07-01,154
cascavel-ce,CASCAVEL/CE,2026-08-01,154
cascavel-ce,CASCAVEL/CE,2026-09-01,154
cascavel-ce,CASCAVEL/CE,2026-10-01,154
cascavel-ce,CASCAVEL/CE,2026-11-01,154
cascavel-ce,CASCAVEL/CE,2026-12-01,154
catole-do-rocha-pb,CATOLE DO ROCHA/PB,2026-01-01,66
catole-do-rocha-pb,CATOLE DO ROCHA/PB,2026-02-01,48
catole-do-rocha-pb,CATOLE DO ROCHA/PB,2026-03-01,59
catole-do-rocha-pb,CATOLE DO ROCHA/PB,2026-04-01,61
catole-do-rocha-pb,CATOLE DO ROCHA/PB,2026-05-01,63
catole-do-rocha-pb,CATOLE DO ROCHA/PB,2026-06-01,49
catole-do-rocha-pb,CATOLE DO ROCHA/PB,2026-07-01,49
catole-do-rocha-pb,CATOLE DO ROCHA/PB,2026-08-01,49
catole-do-rocha-pb,CATOLE DO ROCHA/PB,2026-09-01,49
catole-do-rocha-pb,CATOLE DO ROCHA/PB,2026-10-01,49
catole-do-rocha-pb,CATOLE DO ROCHA/PB,2026-11-01,49
catole-do-rocha-pb,CATOLE DO ROCHA/PB,2026-12-01,49
catu-ba,CATU/BA,2026-01-01,184
catu-ba,CATU/BA,2026-02-01,142
catu-ba,CATU/BA,2026-03-01,166
catu-ba,CATU/BA,2026-04-01,165
catu-ba,CATU/BA,2026-05-01,188
catu-ba,CATU/BA,2026-06-01,146
catu-ba,CATU/BA,2026-07-01,146
catu-ba,CATU/BA,2026-08-01,146
catu-ba,CATU/BA,2026-09-01,146
catu-ba,CATU/BA,2026-10-01,146
catu-ba,CATU/BA,2026-11-01,146
catu-ba,CATU/BA,2026-12-01,146
caucaia-ce,CAUCAIA/CE,2026-01-01,453
caucaia-ce,CAUCAIA/CE,2026-02-01,546
caucaia-ce,CAUCAIA/CE,2026-03-01,639
caucaia-ce,CAUCAIA/CE,2026-04-01,633
caucaia-ce,CAUCAIA/CE,2026-05-01,696
caucaia-ce,CAUCAIA/CE,2026-06-01,539
caucaia-ce,CAUCAIA/CE,2026-07-01,539
caucaia-ce,CAUCAIA/CE,2026-08-01,539
caucaia-ce,CAUCAIA/CE,2026-09-01,539
caucaia-ce,CAUCAIA/CE,2026-10-01,539
caucaia-ce,CAUCAIA/CE,2026-11-01,539
caucaia-ce,CAUCAIA/CE,2026-12-01,539
ceara-mirim-rn,CEARA MIRIM/RN,2026-01-01,157
ceara-mirim-rn,CEARA MIRIM/RN,2026-02-01,123
ceara-mirim-rn,CEARA MIRIM/RN,2026-03-01,142
ceara-mirim-rn,CEARA MIRIM/RN,2026-04-01,125
ceara-mirim-rn,CEARA MIRIM/RN,2026-05-01,142
ceara-mirim-rn,CEARA MIRIM/RN,2026-06-01,128
ceara-mirim-rn,CEARA MIRIM/RN,2026-07-01,128
ceara-mirim-rn,CEARA MIRIM/RN,2026-08-01,128
ceara-mirim-rn,CEARA MIRIM/RN,2026-09-01,128
ceara-mirim-rn,CEARA MIRIM/RN,2026-10-01,128
ceara-mirim-rn,CEARA MIRIM/RN,2026-11-01,128
ceara-mirim-rn,CEARA MIRIM/RN,2026-12-01,128
cedro-ce,CEDRO/CE,2026-01-01,30
cedro-ce,CEDRO/CE,2026-02-01,23
cedro-ce,CEDRO/CE,2026-03-01,23
cedro-ce,CEDRO/CE,2026-04-01,23
cedro-ce,CEDRO/CE,2026-05-01,25
cedro-ce,CEDRO/CE,2026-06-01,22
cedro-ce,CEDRO/CE,2026-07-01,22
cedro-ce,CEDRO/CE,2026-08-01,22
cedro-ce,CEDRO/CE,2026-09-01,22
cedro-ce,CEDRO/CE,2026-10-01,22
cedro-ce,CEDRO/CE,2026-11-01,22
cedro-ce,CEDRO/CE,2026-12-01,22
coronel-joao-pessoa-rn,CORONEL JOAO PESSOA/RN,2026-01-01,12
coronel-joao-pessoa-rn,CORONEL JOAO PESSOA/RN,2026-02-01,10
coronel-joao-pessoa-rn,CORONEL JOAO PESSOA/RN,2026-03-01,10
coronel-joao-pessoa-rn,CORONEL JOAO PESSOA/RN,2026-04-01,12
coronel-joao-pessoa-rn,CORONEL JOAO PESSOA/RN,2026-05-01,13
coronel-joao-pessoa-rn,CORONEL JOAO PESSOA/RN,2026-06-01,12
coronel-joao-pessoa-rn,CORONEL JOAO PESSOA/RN,2026-07-01,12
coronel-joao-pessoa-rn,CORONEL JOAO PESSOA/RN,2026-08-01,12
coronel-joao-pessoa-rn,CORONEL JOAO PESSOA/RN,2026-09-01,12
coronel-joao-pessoa-rn,CORONEL JOAO PESSOA/RN,2026-10-01,12
coronel-joao-pessoa-rn,CORONEL JOAO PESSOA/RN,2026-11-01,12
coronel-joao-pessoa-rn,CORONEL JOAO PESSOA/RN,2026-12-01,12
crateus-ce,CRATEUS/CE,2026-01-01,141
crateus-ce,CRATEUS/CE,2026-02-01,108
crateus-ce,CRATEUS/CE,2026-03-01,114
crateus-ce,CRATEUS/CE,2026-04-01,113
crateus-ce,CRATEUS/CE,2026-05-01,127
crateus-ce,CRATEUS/CE,2026-06-01,113
crateus-ce,CRATEUS/CE,2026-07-01,113
crateus-ce,CRATEUS/CE,2026-08-01,113
crateus-ce,CRATEUS/CE,2026-09-01,113
crateus-ce,CRATEUS/CE,2026-10-01,113
crateus-ce,CRATEUS/CE,2026-11-01,113
crateus-ce,CRATEUS/CE,2026-12-01,113
crato-ce,CRATO/CE,2026-01-01,416
crato-ce,CRATO/CE,2026-02-01,363
crato-ce,CRATO/CE,2026-03-01,466
crato-ce,CRATO/CE,2026-04-01,460
crato-ce,CRATO/CE,2026-05-01,519
crato-ce,CRATO/CE,2026-06-01,402
crato-ce,CRATO/CE,2026-07-01,402
crato-ce,CRATO/CE,2026-08-01,402
crato-ce,CRATO/CE,2026-09-01,402
crato-ce,CRATO/CE,2026-10-01,402
crato-ce,CRATO/CE,2026-11-01,402
crato-ce,CRATO/CE,2026-12-01,402
custodia-pe,CUSTODIA/PE,2026-01-01,51
custodia-pe,CUSTODIA/PE,2026-02-01,43
custodia-pe,CUSTODIA/PE,2026-03-01,43
custodia-pe,CUSTODIA/PE,2026-04-01,39
custodia-pe,CUSTODIA/PE,2026-05-01,46
custodia-pe,CUSTODIA/PE,2026-06-01,43
custodia-pe,CUSTODIA/PE,2026-07-01,43
custodia-pe,CUSTODIA/PE,2026-08-01,43
custodia-pe,CUSTODIA/PE,2026-09-01,43
custodia-pe,CUSTODIA/PE,2026-10-01,43
custodia-pe,CUSTODIA/PE,2026-11-01,43
custodia-pe,CUSTODIA/PE,2026-12-01,43
delmiro-gouveia-al,DELMIRO GOUVEIA/AL,2026-01-01,60
delmiro-gouveia-al,DELMIRO GOUVEIA/AL,2026-02-01,52
delmiro-gouveia-al,DELMIRO GOUVEIA/AL,2026-03-01,63
delmiro-gouveia-al,DELMIRO GOUVEIA/AL,2026-04-01,57
delmiro-gouveia-al,DELMIRO GOUVEIA/AL,2026-05-01,59
delmiro-gouveia-al,DELMIRO GOUVEIA/AL,2026-06-01,60
delmiro-gouveia-al,DELMIRO GOUVEIA/AL,2026-07-01,68
delmiro-gouveia-al,DELMIRO GOUVEIA/AL,2026-08-01,65
delmiro-gouveia-al,DELMIRO GOUVEIA/AL,2026-09-01,64
delmiro-gouveia-al,DELMIRO GOUVEIA/AL,2026-10-01,66
delmiro-gouveia-al,DELMIRO GOUVEIA/AL,2026-11-01,67
delmiro-gouveia-al,DELMIRO GOUVEIA/AL,2026-12-01,65
dias-davila-ba,DIAS DAVILA/BA,2026-01-01,194
dias-davila-ba,DIAS DAVILA/BA,2026-02-01,81
dias-davila-ba,DIAS DAVILA/BA,2026-03-01,95
dias-davila-ba,DIAS DAVILA/BA,2026-04-01,94
dias-davila-ba,DIAS DAVILA/BA,2026-05-01,114
dias-davila-ba,DIAS DAVILA/BA,2026-06-01,88
dias-davila-ba,DIAS DAVILA/BA,2026-07-01,88
dias-davila-ba,DIAS DAVILA/BA,2026-08-01,88
dias-davila-ba,DIAS DAVILA/BA,2026-09-01,88
dias-davila-ba,DIAS DAVILA/BA,2026-10-01,88
dias-davila-ba,DIAS DAVILA/BA,2026-11-01,88
dias-davila-ba,DIAS DAVILA/BA,2026-12-01,88
doutor-severiano-rn,DOUTOR SEVERIANO/RN,2026-01-01,10
doutor-severiano-rn,DOUTOR SEVERIANO/RN,2026-02-01,11
doutor-severiano-rn,DOUTOR SEVERIANO/RN,2026-03-01,13
doutor-severiano-rn,DOUTOR SEVERIANO/RN,2026-04-01,12
doutor-severiano-rn,DOUTOR SEVERIANO/RN,2026-05-01,13
doutor-severiano-rn,DOUTOR SEVERIANO/RN,2026-06-01,12
doutor-severiano-rn,DOUTOR SEVERIANO/RN,2026-07-01,12
doutor-severiano-rn,DOUTOR SEVERIANO/RN,2026-08-01,12
doutor-severiano-rn,DOUTOR SEVERIANO/RN,2026-09-01,12
doutor-severiano-rn,DOUTOR SEVERIANO/RN,2026-10-01,12
doutor-severiano-rn,DOUTOR SEVERIANO/RN,2026-11-01,12
doutor-severiano-rn,DOUTOR SEVERIANO/RN,2026-12-01,12
encanto-rn,ENCANTO/RN,2026-01-01,15
encanto-rn,ENCANTO/RN,2026-02-01,15
encanto-rn,ENCANTO/RN,2026-03-01,18
encanto-rn,ENCANTO/RN,2026-04-01,18
encanto-rn,ENCANTO/RN,2026-05-01,20
encanto-rn,ENCANTO/RN,2026-06-01,16
encanto-rn,ENCANTO/RN,2026-07-01,16
encanto-rn,ENCANTO/RN,2026-08-01,16
encanto-rn,ENCANTO/RN,2026-09-01,16
encanto-rn,ENCANTO/RN,2026-10-01,16
encanto-rn,ENCANTO/RN,2026-11-01,16
encanto-rn,ENCANTO/RN,2026-12-01,16
escada-pe,ESCADA/PE,2026-01-01,123
escada-pe,ESCADA/PE,2026-02-01,137
escada-pe,ESCADA/PE,2026-03-01,160
escada-pe,ESCADA/PE,2026-04-01,158
escada-pe,ESCADA/PE,2026-05-01,178
escada-pe,ESCADA/PE,2026-06-01,142
escada-pe,ESCADA/PE,2026-07-01,142
escada-pe,ESCADA/PE,2026-08-01,142
escada-pe,ESCADA/PE,2026-09-01,142
escada-pe,ESCADA/PE,2026-10-01,142
escada-pe,ESCADA/PE,2026-11-01,142
escada-pe,ESCADA/PE,2026-12-01,142
estancia-se,ESTANCIA/SE,2026-01-01,133
estancia-se,ESTANCIA/SE,2026-02-01,165
estancia-se,ESTANCIA/SE,2026-03-01,193
estancia-se,ESTANCIA/SE,2026-04-01,192
estancia-se,ESTANCIA/SE,2026-05-01,208
estancia-se,ESTANCIA/SE,2026-06-01,168
estancia-se,ESTANCIA/SE,2026-07-01,168
estancia-se,ESTANCIA/SE,2026-08-01,168
estancia-se,ESTANCIA/SE,2026-09-01,168
estancia-se,ESTANCIA/SE,2026-10-01,168
estancia-se,ESTANCIA/SE,2026-11-01,168
estancia-se,ESTANCIA/SE,2026-12-01,168
eusebio-ce,EUSEBIO/CE,2026-01-01,245
eusebio-ce,EUSEBIO/CE,2026-02-01,312
eusebio-ce,EUSEBIO/CE,2026-03-01,365
eusebio-ce,EUSEBIO/CE,2026-04-01,361
eusebio-ce,EUSEBIO/CE,2026-05-01,398
eusebio-ce,EUSEBIO/CE,2026-06-01,308
eusebio-ce,EUSEBIO/CE,2026-07-01,308
eusebio-ce,EUSEBIO/CE,2026-08-01,308
eusebio-ce,EUSEBIO/CE,2026-09-01,308
eusebio-ce,EUSEBIO/CE,2026-10-01,308
eusebio-ce,EUSEBIO/CE,2026-11-01,308
eusebio-ce,EUSEBIO/CE,2026-12-01,308
extremoz-rn,EXTREMOZ/RN,2026-01-01,290
extremoz-rn,EXTREMOZ/RN,2026-02-01,442
extremoz-rn,EXTREMOZ/RN,2026-03-01,517
extremoz-rn,EXTREMOZ/RN,2026-04-01,512
extremoz-rn,EXTREMOZ/RN,2026-05-01,562
extremoz-rn,EXTREMOZ/RN,2026-06-01,435
extremoz-rn,EXTREMOZ/RN,2026-07-01,435
extremoz-rn,EXTREMOZ/RN,2026-08-01,435
extremoz-rn,EXTREMOZ/RN,2026-09-01,435
extremoz-rn,EXTREMOZ/RN,2026-10-01,435
extremoz-rn,EXTREMOZ/RN,2026-11-01,435
extremoz-rn,EXTREMOZ/RN,2026-12-01,435
feira-de-santana-ba,FEIRA DE SANTANA/BA,2026-01-01,464
feira-de-santana-ba,FEIRA DE SANTANA/BA,2026-02-01,378
feira-de-santana-ba,FEIRA DE SANTANA/BA,2026-03-01,442
feira-de-santana-ba,FEIRA DE SANTANA/BA,2026-04-01,438
feira-de-santana-ba,FEIRA DE SANTANA/BA,2026-05-01,514
feira-de-santana-ba,FEIRA DE SANTANA/BA,2026-06-01,399
feira-de-santana-ba,FEIRA DE SANTANA/BA,2026-07-01,399
feira-de-santana-ba,FEIRA DE SANTANA/BA,2026-08-01,399
feira-de-santana-ba,FEIRA DE SANTANA/BA,2026-09-01,399
feira-de-santana-ba,FEIRA DE SANTANA/BA,2026-10-01,399
feira-de-santana-ba,FEIRA DE SANTANA/BA,2026-11-01,399
feira-de-santana-ba,FEIRA DE SANTANA/BA,2026-12-01,399
fortaleza-ce,FORTALEZA/CE,2026-01-01,5062
fortaleza-ce,FORTALEZA/CE,2026-02-01,5885
fortaleza-ce,FORTALEZA/CE,2026-03-01,6886
fortaleza-ce,FORTALEZA/CE,2026-04-01,6823
fortaleza-ce,FORTALEZA/CE,2026-05-01,7639
fortaleza-ce,FORTALEZA/CE,2026-06-01,5919
fortaleza-ce,FORTALEZA/CE,2026-07-01,5919
fortaleza-ce,FORTALEZA/CE,2026-08-01,5919
fortaleza-ce,FORTALEZA/CE,2026-09-01,5919
fortaleza-ce,FORTALEZA/CE,2026-10-01,5919
fortaleza-ce,FORTALEZA/CE,2026-11-01,5919
fortaleza-ce,FORTALEZA/CE,2026-12-01,5919
francisco-dantas-rn,FRANCISCO DANTAS/RN,2026-01-01,7
francisco-dantas-rn,FRANCISCO DANTAS/RN,2026-02-01,7
francisco-dantas-rn,FRANCISCO DANTAS/RN,2026-03-01,9
francisco-dantas-rn,FRANCISCO DANTAS/RN,2026-04-01,8
francisco-dantas-rn,FRANCISCO DANTAS/RN,2026-05-01,9
francisco-dantas-rn,FRANCISCO DANTAS/RN,2026-06-01,7
francisco-dantas-rn,FRANCISCO DANTAS/RN,2026-07-01,7
francisco-dantas-rn,FRANCISCO DANTAS/RN,2026-08-01,7
francisco-dantas-rn,FRANCISCO DANTAS/RN,2026-09-01,7
francisco-dantas-rn,FRANCISCO DANTAS/RN,2026-10-01,7
francisco-dantas-rn,FRANCISCO DANTAS/RN,2026-11-01,7
francisco-dantas-rn,FRANCISCO DANTAS/RN,2026-12-01,7
garanhuns-pe,GARANHUNS/PE,2026-01-01,347
garanhuns-pe,GARANHUNS/PE,2026-02-01,308
garanhuns-pe,GARANHUNS/PE,2026-03-01,360
garanhuns-pe,GARANHUNS/PE,2026-04-01,357
garanhuns-pe,GARANHUNS/PE,2026-05-01,393
garanhuns-pe,GARANHUNS/PE,2026-06-01,315
garanhuns-pe,GARANHUNS/PE,2026-07-01,315
garanhuns-pe,GARANHUNS/PE,2026-08-01,315
garanhuns-pe,GARANHUNS/PE,2026-09-01,315
garanhuns-pe,GARANHUNS/PE,2026-10-01,315
garanhuns-pe,GARANHUNS/PE,2026-11-01,315
garanhuns-pe,GARANHUNS/PE,2026-12-01,315
gravata-pe,GRAVATA/PE,2026-01-01,77
gravata-pe,GRAVATA/PE,2026-02-01,74
gravata-pe,GRAVATA/PE,2026-03-01,86
gravata-pe,GRAVATA/PE,2026-04-01,86
gravata-pe,GRAVATA/PE,2026-05-01,98
gravata-pe,GRAVATA/PE,2026-06-01,76
gravata-pe,GRAVATA/PE,2026-07-01,76
gravata-pe,GRAVATA/PE,2026-08-01,76
gravata-pe,GRAVATA/PE,2026-09-01,76
gravata-pe,GRAVATA/PE,2026-10-01,76
gravata-pe,GRAVATA/PE,2026-11-01,76
gravata-pe,GRAVATA/PE,2026-12-01,76
guaraciaba-do-norte-ce,GUARACIABA DO NORTE/CE,2026-01-01,33
guaraciaba-do-norte-ce,GUARACIABA DO NORTE/CE,2026-02-01,30
guaraciaba-do-norte-ce,GUARACIABA DO NORTE/CE,2026-03-01,29
guaraciaba-do-norte-ce,GUARACIABA DO NORTE/CE,2026-04-01,28
guaraciaba-do-norte-ce,GUARACIABA DO NORTE/CE,2026-05-01,29
guaraciaba-do-norte-ce,GUARACIABA DO NORTE/CE,2026-06-01,27
guaraciaba-do-norte-ce,GUARACIABA DO NORTE/CE,2026-07-01,27
guaraciaba-do-norte-ce,GUARACIABA DO NORTE/CE,2026-08-01,27
guaraciaba-do-norte-ce,GUARACIABA DO NORTE/CE,2026-09-01,27
guaraciaba-do-norte-ce,GUARACIABA DO NORTE/CE,2026-10-01,27
guaraciaba-do-norte-ce,GUARACIABA DO NORTE/CE,2026-11-01,27
guaraciaba-do-norte-ce,GUARACIABA DO NORTE/CE,2026-12-01,27
horizonte-ce,HORIZONTE/CE,2026-01-01,246
horizonte-ce,HORIZONTE/CE,2026-02-01,261
horizonte-ce,HORIZONTE/CE,2026-03-01,305
horizonte-ce,HORIZONTE/CE,2026-04-01,302
horizonte-ce,HORIZONTE/CE,2026-05-01,341
horizonte-ce,HORIZONTE/CE,2026-06-01,264
horizonte-ce,HORIZONTE/CE,2026-07-01,264
horizonte-ce,HORIZONTE/CE,2026-08-01,264
horizonte-ce,HORIZONTE/CE,2026-09-01,264
horizonte-ce,HORIZONTE/CE,2026-10-01,264
horizonte-ce,HORIZONTE/CE,2026-11-01,264
horizonte-ce,HORIZONTE/CE,2026-12-01,264
ibiapina-ce,IBIAPINA/CE,2026-01-01,24
ibiapina-ce,IBIAPINA/CE,2026-02-01,20
ibiapina-ce,IBIAPINA/CE,2026-03-01,22
ibiapina-ce,IBIAPINA/CE,2026-04-01,20
ibiapina-ce,IBIAPINA/CE,2026-05-01,21
ibiapina-ce,IBIAPINA/CE,2026-06-01,20
ibiapina-ce,IBIAPINA/CE,2026-07-01,20
ibiapina-ce,IBIAPINA/CE,2026-08-01,20
ibiapina-ce,IBIAPINA/CE,2026-09-01,20
ibiapina-ce,IBIAPINA/CE,2026-10-01,20
ibiapina-ce,IBIAPINA/CE,2026-11-01,20
ibiapina-ce,IBIAPINA/CE,2026-12-01,20
ico-ce,ICO/CE,2026-01-01,186
ico-ce,ICO/CE,2026-02-01,137
ico-ce,ICO/CE,2026-03-01,161
ico-ce,ICO/CE,2026-04-01,159
ico-ce,ICO/CE,2026-05-01,169
ico-ce,ICO/CE,2026-06-01,135
ico-ce,ICO/CE,2026-07-01,135
ico-ce,ICO/CE,2026-08-01,135
ico-ce,ICO/CE,2026-09-01,135
ico-ce,ICO/CE,2026-10-01,135
ico-ce,ICO/CE,2026-11-01,135
ico-ce,ICO/CE,2026-12-01,135
igarassu-pe,IGARASSU/PE,2026-01-01,160
igarassu-pe,IGARASSU/PE,2026-02-01,200
igarassu-pe,IGARASSU/PE,2026-03-01,234
igarassu-pe,IGARASSU/PE,2026-04-01,232
igarassu-pe,IGARASSU/PE,2026-05-01,258
igarassu-pe,IGARASSU/PE,2026-06-01,200
igarassu-pe,IGARASSU/PE,2026-07-01,200
igarassu-pe,IGARASSU/PE,2026-08-01,200
igarassu-pe,IGARASSU/PE,2026-09-01,200
igarassu-pe,IGARASSU/PE,2026-10-01,200
igarassu-pe,IGARASSU/PE,2026-11-01,200
igarassu-pe,IGARASSU/PE,2026-12-01,200
iguatu-ce,IGUATU/CE,2026-01-01,351
iguatu-ce,IGUATU/CE,2026-02-01,324
iguatu-ce,IGUATU/CE,2026-03-01,380
iguatu-ce,IGUATU/CE,2026-04-01,376
iguatu-ce,IGUATU/CE,2026-05-01,401
iguatu-ce,IGUATU/CE,2026-06-01,322
iguatu-ce,IGUATU/CE,2026-07-01,322
iguatu-ce,IGUATU/CE,2026-08-01,322
iguatu-ce,IGUATU/CE,2026-09-01,322
iguatu-ce,IGUATU/CE,2026-10-01,322
iguatu-ce,IGUATU/CE,2026-11-01,322
iguatu-ce,IGUATU/CE,2026-12-01,322
ipu-ce,IPU/CE,2026-01-01,54
ipu-ce,IPU/CE,2026-02-01,40
ipu-ce,IPU/CE,2026-03-01,47
ipu-ce,IPU/CE,2026-04-01,47
ipu-ce,IPU/CE,2026-05-01,54
ipu-ce,IPU/CE,2026-06-01,42
ipu-ce,IPU/CE,2026-07-01,42
ipu-ce,IPU/CE,2026-08-01,42
ipu-ce,IPU/CE,2026-09-01,42
ipu-ce,IPU/CE,2026-10-01,42
ipu-ce,IPU/CE,2026-11-01,42
ipu-ce,IPU/CE,2026-12-01,42
iracema-ce,IRACEMA/CE,2026-01-01,38
iracema-ce,IRACEMA/CE,2026-02-01,38
iracema-ce,IRACEMA/CE,2026-03-01,49
iracema-ce,IRACEMA/CE,2026-04-01,48
iracema-ce,IRACEMA/CE,2026-05-01,50
iracema-ce,IRACEMA/CE,2026-06-01,46
iracema-ce,IRACEMA/CE,2026-07-01,46
iracema-ce,IRACEMA/CE,2026-08-01,46
iracema-ce,IRACEMA/CE,2026-09-01,46
iracema-ce,IRACEMA/CE,2026-10-01,46
iracema-ce,IRACEMA/CE,2026-11-01,46
iracema-ce,IRACEMA/CE,2026-12-01,46
itabaiana-se,ITABAIANA/SE,2026-01-01,91
itabaiana-se,ITABAIANA/SE,2026-02-01,62
itabaiana-se,ITABAIANA/SE,2026-03-01,60
itabaiana-se,ITABAIANA/SE,2026-04-01,60
itabaiana-se,ITABAIANA/SE,2026-05-01,63
itabaiana-se,ITABAIANA/SE,2026-06-01,58
itabaiana-se,ITABAIANA/SE,2026-07-01,58
itabaiana-se,ITABAIANA/SE,2026-08-01,58
itabaiana-se,ITABAIANA/SE,2026-09-01,58
itabaiana-se,ITABAIANA/SE,2026-10-01,58
itabaiana-se,ITABAIANA/SE,2026-11-01,58
itabaiana-se,ITABAIANA/SE,2026-12-01,58
itapaje-ce,ITAPAJE/CE,2026-01-01,77
itapaje-ce,ITAPAJE/CE,2026-02-01,71
itapaje-ce,ITAPAJE/CE,2026-03-01,71
itapaje-ce,ITAPAJE/CE,2026-04-01,72
itapaje-ce,ITAPAJE/CE,2026-05-01,73
itapaje-ce,ITAPAJE/CE,2026-06-01,73
itapaje-ce,ITAPAJE/CE,2026-07-01,73
itapaje-ce,ITAPAJE/CE,2026-08-01,73
itapaje-ce,ITAPAJE/CE,2026-09-01,73
itapaje-ce,ITAPAJE/CE,2026-10-01,73
itapaje-ce,ITAPAJE/CE,2026-11-01,73
itapaje-ce,ITAPAJE/CE,2026-12-01,73
itapipoca-ce,ITAPIPOCA/CE,2026-01-01,240
itapipoca-ce,ITAPIPOCA/CE,2026-02-01,204
itapipoca-ce,ITAPIPOCA/CE,2026-03-01,227
itapipoca-ce,ITAPIPOCA/CE,2026-04-01,231
itapipoca-ce,ITAPIPOCA/CE,2026-05-01,261
itapipoca-ce,ITAPIPOCA/CE,2026-06-01,243
itapipoca-ce,ITAPIPOCA/CE,2026-07-01,243
itapipoca-ce,ITAPIPOCA/CE,2026-08-01,243
itapipoca-ce,ITAPIPOCA/CE,2026-09-01,243
itapipoca-ce,ITAPIPOCA/CE,2026-10-01,243
itapipoca-ce,ITAPIPOCA/CE,2026-11-01,243
itapipoca-ce,ITAPIPOCA/CE,2026-12-01,243
jaboatao-dos-guararapes-pe,JABOATAO DOS GUARARAPES/PE,2026-01-01,522
jaboatao-dos-guararapes-pe,JABOATAO DOS GUARARAPES/PE,2026-02-01,538
jaboatao-dos-guararapes-pe,JABOATAO DOS GUARARAPES/PE,2026-03-01,630
jaboatao-dos-guararapes-pe,JABOATAO DOS GUARARAPES/PE,2026-04-01,624
jaboatao-dos-guararapes-pe,JABOATAO DOS GUARARAPES/PE,2026-05-01,691
jaboatao-dos-guararapes-pe,JABOATAO DOS GUARARAPES/PE,2026-06-01,536
jaboatao-dos-guararapes-pe,JABOATAO DOS GUARARAPES/PE,2026-07-01,536
jaboatao-dos-guararapes-pe,JABOATAO DOS GUARARAPES/PE,2026-08-01,536
jaboatao-dos-guararapes-pe,JABOATAO DOS GUARARAPES/PE,2026-09-01,536
jaboatao-dos-guararapes-pe,JABOATAO DOS GUARARAPES/PE,2026-10-01,536
jaboatao-dos-guararapes-pe,JABOATAO DOS GUARARAPES/PE,2026-11-01,536
jaboatao-dos-guararapes-pe,JABOATAO DOS GUARARAPES/PE,2026-12-01,536
jaguaretama-ce,JAGUARETAMA/CE,2026-01-01,48
jaguaretama-ce,JAGUARETAMA/CE,2026-02-01,26
jaguaretama-ce,JAGUARETAMA/CE,2026-03-01,28
jaguaretama-ce,JAGUARETAMA/CE,2026-04-01,28
jaguaretama-ce,JAGUARETAMA/CE,2026-05-01,29
jaguaretama-ce,JAGUARETAMA/CE,2026-06-01,26
jaguaretama-ce,JAGUARETAMA/CE,2026-07-01,26
jaguaretama-ce,JAGUARETAMA/CE,2026-08-01,26
jaguaretama-ce,JAGUARETAMA/CE,2026-09-01,26
jaguaretama-ce,JAGUARETAMA/CE,2026-10-01,26
jaguaretama-ce,JAGUARETAMA/CE,2026-11-01,26
jaguaretama-ce,JAGUARETAMA/CE,2026-12-01,26
jaguaribara-ce,JAGUARIBARA/CE,2026-01-01,25
jaguaribara-ce,JAGUARIBARA/CE,2026-02-01,29
jaguaribara-ce,JAGUARIBARA/CE,2026-03-01,35
jaguaribara-ce,JAGUARIBARA/CE,2026-04-01,33
jaguaribara-ce,JAGUARIBARA/CE,2026-05-01,35
jaguaribara-ce,JAGUARIBARA/CE,2026-06-01,32
jaguaribara-ce,JAGUARIBARA/CE,2026-07-01,32
jaguaribara-ce,JAGUARIBARA/CE,2026-08-01,32
jaguaribara-ce,JAGUARIBARA/CE,2026-09-01,32
jaguaribara-ce,JAGUARIBARA/CE,2026-10-01,32
jaguaribara-ce,JAGUARIBARA/CE,2026-11-01,32
jaguaribara-ce,JAGUARIBARA/CE,2026-12-01,32
jaguaribe-ce,JAGUARIBE/CE,2026-01-01,87
jaguaribe-ce,JAGUARIBE/CE,2026-02-01,100
jaguaribe-ce,JAGUARIBE/CE,2026-03-01,116
jaguaribe-ce,JAGUARIBE/CE,2026-04-01,114
jaguaribe-ce,JAGUARIBE/CE,2026-05-01,119
jaguaribe-ce,JAGUARIBE/CE,2026-06-01,100
jaguaribe-ce,JAGUARIBE/CE,2026-07-01,100
jaguaribe-ce,JAGUARIBE/CE,2026-08-01,100
jaguaribe-ce,JAGUARIBE/CE,2026-09-01,100
jaguaribe-ce,JAGUARIBE/CE,2026-10-01,100
jaguaribe-ce,JAGUARIBE/CE,2026-11-01,100
jaguaribe-ce,JAGUARIBE/CE,2026-12-01,100
jeremoabo-ba,JEREMOABO/BA,2026-01-01,61
jeremoabo-ba,JEREMOABO/BA,2026-02-01,52
jeremoabo-ba,JEREMOABO/BA,2026-03-01,63
jeremoabo-ba,JEREMOABO/BA,2026-04-01,57
jeremoabo-ba,JEREMOABO/BA,2026-05-01,59
jeremoabo-ba,JEREMOABO/BA,2026-06-01,59
jeremoabo-ba,JEREMOABO/BA,2026-07-01,67
jeremoabo-ba,JEREMOABO/BA,2026-08-01,63
jeremoabo-ba,JEREMOABO/BA,2026-09-01,63
jeremoabo-ba,JEREMOABO/BA,2026-10-01,65
jeremoabo-ba,JEREMOABO/BA,2026-11-01,65
jeremoabo-ba,JEREMOABO/BA,2026-12-01,64
joao-pessoa-pb,JOAO PESSOA/PB,2026-01-01,2983
joao-pessoa-pb,JOAO PESSOA/PB,2026-02-01,3096
joao-pessoa-pb,JOAO PESSOA/PB,2026-03-01,3623
joao-pessoa-pb,JOAO PESSOA/PB,2026-04-01,3590
joao-pessoa-pb,JOAO PESSOA/PB,2026-05-01,4032
joao-pessoa-pb,JOAO PESSOA/PB,2026-06-01,3124
joao-pessoa-pb,JOAO PESSOA/PB,2026-07-01,3124
joao-pessoa-pb,JOAO PESSOA/PB,2026-08-01,3124
joao-pessoa-pb,JOAO PESSOA/PB,2026-09-01,3124
joao-pessoa-pb,JOAO PESSOA/PB,2026-10-01,3124
joao-pessoa-pb,JOAO PESSOA/PB,2026-11-01,3124
joao-pessoa-pb,JOAO PESSOA/PB,2026-12-01,3124
jose-da-penha-rn,JOSE DA PENHA/RN,2026-01-01,12
jose-da-penha-rn,JOSE DA PENHA/RN,2026-02-01,13
jose-da-penha-rn,JOSE DA PENHA/RN,2026-03-01,10
jose-da-penha-rn,JOSE DA PENHA/RN,2026-04-01,9
jose-da-penha-rn,JOSE DA PENHA/RN,2026-05-01,9
jose-da-penha-rn,JOSE DA PENHA/RN,2026-06-01,8
jose-da-penha-rn,JOSE DA PENHA/RN,2026-07-01,8
jose-da-penha-rn,JOSE DA PENHA/RN,2026-08-01,8
jose-da-penha-rn,JOSE DA PENHA/RN,2026-09-01,8
jose-da-penha-rn,JOSE DA PENHA/RN,2026-10-01,8
jose-da-penha-rn,JOSE DA PENHA/RN,2026-11-01,8
jose-da-penha-rn,JOSE DA PENHA/RN,2026-12-01,8
juazeiro-do-norte-ce,JUAZEIRO DO NORTE/CE,2026-01-01,1094
juazeiro-do-norte-ce,JUAZEIRO DO NORTE/CE,2026-02-01,1166
juazeiro-do-norte-ce,JUAZEIRO DO NORTE/CE,2026-03-01,1364
juazeiro-do-norte-ce,JUAZEIRO DO NORTE/CE,2026-04-01,1352
juazeiro-do-norte-ce,JUAZEIRO DO NORTE/CE,2026-05-01,1515
juazeiro-do-norte-ce,JUAZEIRO DO NORTE/CE,2026-06-01,1174
juazeiro-do-norte-ce,JUAZEIRO DO NORTE/CE,2026-07-01,1174
juazeiro-do-norte-ce,JUAZEIRO DO NORTE/CE,2026-08-01,1174
juazeiro-do-norte-ce,JUAZEIRO DO NORTE/CE,2026-09-01,1174
juazeiro-do-norte-ce,JUAZEIRO DO NORTE/CE,2026-10-01,1174
juazeiro-do-norte-ce,JUAZEIRO DO NORTE/CE,2026-11-01,1174
juazeiro-do-norte-ce,JUAZEIRO DO NORTE/CE,2026-12-01,1174
juazeiro-ba,JUAZEIRO/BA,2026-01-01,411
juazeiro-ba,JUAZEIRO/BA,2026-02-01,326
juazeiro-ba,JUAZEIRO/BA,2026-03-01,395
juazeiro-ba,JUAZEIRO/BA,2026-04-01,378
juazeiro-ba,JUAZEIRO/BA,2026-05-01,435
juazeiro-ba,JUAZEIRO/BA,2026-06-01,337
juazeiro-ba,JUAZEIRO/BA,2026-07-01,337
juazeiro-ba,JUAZEIRO/BA,2026-08-01,337
juazeiro-ba,JUAZEIRO/BA,2026-09-01,337
juazeiro-ba,JUAZEIRO/BA,2026-10-01,337
juazeiro-ba,JUAZEIRO/BA,2026-11-01,337
juazeiro-ba,JUAZEIRO/BA,2026-12-01,337
lagarto-se,LAGARTO/SE,2026-01-01,151
lagarto-se,LAGARTO/SE,2026-02-01,153
lagarto-se,LAGARTO/SE,2026-03-01,179
lagarto-se,LAGARTO/SE,2026-04-01,177
lagarto-se,LAGARTO/SE,2026-05-01,199
lagarto-se,LAGARTO/SE,2026-06-01,154
lagarto-se,LAGARTO/SE,2026-07-01,154
lagarto-se,LAGARTO/SE,2026-08-01,154
lagarto-se,LAGARTO/SE,2026-09-01,154
lagarto-se,LAGARTO/SE,2026-10-01,154
lagarto-se,LAGARTO/SE,2026-11-01,154
lagarto-se,LAGARTO/SE,2026-12-01,154
lavras-da-mangabeira-ce,LAVRAS DA MANGABEIRA/CE,2026-01-01,39
lavras-da-mangabeira-ce,LAVRAS DA MANGABEIRA/CE,2026-02-01,31
lavras-da-mangabeira-ce,LAVRAS DA MANGABEIRA/CE,2026-03-01,37
lavras-da-mangabeira-ce,LAVRAS DA MANGABEIRA/CE,2026-04-01,41
lavras-da-mangabeira-ce,LAVRAS DA MANGABEIRA/CE,2026-05-01,43
lavras-da-mangabeira-ce,LAVRAS DA MANGABEIRA/CE,2026-06-01,33
lavras-da-mangabeira-ce,LAVRAS DA MANGABEIRA/CE,2026-07-01,33
lavras-da-mangabeira-ce,LAVRAS DA MANGABEIRA/CE,2026-08-01,33
lavras-da-mangabeira-ce,LAVRAS DA MANGABEIRA/CE,2026-09-01,33
lavras-da-mangabeira-ce,LAVRAS DA MANGABEIRA/CE,2026-10-01,33
lavras-da-mangabeira-ce,LAVRAS DA MANGABEIRA/CE,2026-11-01,33
lavras-da-mangabeira-ce,LAVRAS DA MANGABEIRA/CE,2026-12-01,33
limoeiro-do-norte-ce,LIMOEIRO DO NORTE/CE,2026-01-01,157
limoeiro-do-norte-ce,LIMOEIRO DO NORTE/CE,2026-02-01,168
limoeiro-do-norte-ce,LIMOEIRO DO NORTE/CE,2026-03-01,196
limoeiro-do-norte-ce,LIMOEIRO DO NORTE/CE,2026-04-01,195
limoeiro-do-norte-ce,LIMOEIRO DO NORTE/CE,2026-05-01,209
limoeiro-do-norte-ce,LIMOEIRO DO NORTE/CE,2026-06-01,165
limoeiro-do-norte-ce,LIMOEIRO DO NORTE/CE,2026-07-01,165
limoeiro-do-norte-ce,LIMOEIRO DO NORTE/CE,2026-08-01,165
limoeiro-do-norte-ce,LIMOEIRO DO NORTE/CE,2026-09-01,165
limoeiro-do-norte-ce,LIMOEIRO DO NORTE/CE,2026-10-01,165
limoeiro-do-norte-ce,LIMOEIRO DO NORTE/CE,2026-11-01,165
limoeiro-do-norte-ce,LIMOEIRO DO NORTE/CE,2026-12-01,165
limoeiro-pe,LIMOEIRO/PE,2026-01-01,79
limoeiro-pe,LIMOEIRO/PE,2026-02-01,48
limoeiro-pe,LIMOEIRO/PE,2026-03-01,56
limoeiro-pe,LIMOEIRO/PE,2026-04-01,55
limoeiro-pe,LIMOEIRO/PE,2026-05-01,62
limoeiro-pe,LIMOEIRO/PE,2026-06-01,48
limoeiro-pe,LIMOEIRO/PE,2026-07-01,48
limoeiro-pe,LIMOEIRO/PE,2026-08-01,48
limoeiro-pe,LIMOEIRO/PE,2026-09-01,48
limoeiro-pe,LIMOEIRO/PE,2026-10-01,48
limoeiro-pe,LIMOEIRO/PE,2026-11-01,48
limoeiro-pe,LIMOEIRO/PE,2026-12-01,48
luis-correia-pi,LUIS CORREIA/PI,2026-01-01,64
luis-correia-pi,LUIS CORREIA/PI,2026-02-01,54
luis-correia-pi,LUIS CORREIA/PI,2026-03-01,63
luis-correia-pi,LUIS CORREIA/PI,2026-04-01,62
luis-correia-pi,LUIS CORREIA/PI,2026-05-01,72
luis-correia-pi,LUIS CORREIA/PI,2026-06-01,56
luis-correia-pi,LUIS CORREIA/PI,2026-07-01,56
luis-correia-pi,LUIS CORREIA/PI,2026-08-01,56
luis-correia-pi,LUIS CORREIA/PI,2026-09-01,56
luis-correia-pi,LUIS CORREIA/PI,2026-10-01,56
luis-correia-pi,LUIS CORREIA/PI,2026-11-01,56
luis-correia-pi,LUIS CORREIA/PI,2026-12-01,56
luis-gomes-rn,LUIS GOMES/RN,2026-01-01,14
luis-gomes-rn,LUIS GOMES/RN,2026-02-01,13
luis-gomes-rn,LUIS GOMES/RN,2026-03-01,14
luis-gomes-rn,LUIS GOMES/RN,2026-04-01,14
luis-gomes-rn,LUIS GOMES/RN,2026-05-01,15
luis-gomes-rn,LUIS GOMES/RN,2026-06-01,13
luis-gomes-rn,LUIS GOMES/RN,2026-07-01,13
luis-gomes-rn,LUIS GOMES/RN,2026-08-01,13
luis-gomes-rn,LUIS GOMES/RN,2026-09-01,13
luis-gomes-rn,LUIS GOMES/RN,2026-10-01,13
luis-gomes-rn,LUIS GOMES/RN,2026-11-01,13
luis-gomes-rn,LUIS GOMES/RN,2026-12-01,13
macaiba-rn,MACAIBA/RN,2026-01-01,217
macaiba-rn,MACAIBA/RN,2026-02-01,217
macaiba-rn,MACAIBA/RN,2026-03-01,254
macaiba-rn,MACAIBA/RN,2026-04-01,252
macaiba-rn,MACAIBA/RN,2026-05-01,262
macaiba-rn,MACAIBA/RN,2026-06-01,213
macaiba-rn,MACAIBA/RN,2026-07-01,213
macaiba-rn,MACAIBA/RN,2026-08-01,213
macaiba-rn,MACAIBA/RN,2026-09-01,213
macaiba-rn,MACAIBA/RN,2026-10-01,213
macaiba-rn,MACAIBA/RN,2026-11-01,213
macaiba-rn,MACAIBA/RN,2026-12-01,213
macau-rn,MACAU/RN,2026-01-01,55
macau-rn,MACAU/RN,2026-02-01,34
macau-rn,MACAU/RN,2026-03-01,40
macau-rn,MACAU/RN,2026-04-01,40
macau-rn,MACAU/RN,2026-05-01,44
macau-rn,MACAU/RN,2026-06-01,34
macau-rn,MACAU/RN,2026-07-01,34
macau-rn,MACAU/RN,2026-08-01,34
macau-rn,MACAU/RN,2026-09-01,34
macau-rn,MACAU/RN,2026-10-01,34
macau-rn,MACAU/RN,2026-11-01,34
macau-rn,MACAU/RN,2026-12-01,34
maceio-al,MACEIO/AL,2026-01-01,2444
maceio-al,MACEIO/AL,2026-02-01,2058
maceio-al,MACEIO/AL,2026-03-01,2408
maceio-al,MACEIO/AL,2026-04-01,2386
maceio-al,MACEIO/AL,2026-05-01,2694
maceio-al,MACEIO/AL,2026-06-01,2087
maceio-al,MACEIO/AL,2026-07-01,2087
maceio-al,MACEIO/AL,2026-08-01,2087
maceio-al,MACEIO/AL,2026-09-01,2087
maceio-al,MACEIO/AL,2026-10-01,2087
maceio-al,MACEIO/AL,2026-11-01,2087
maceio-al,MACEIO/AL,2026-12-01,2087
major-sales-rn,MAJOR SALES/RN,2026-01-01,11
major-sales-rn,MAJOR SALES/RN,2026-02-01,9
major-sales-rn,MAJOR SALES/RN,2026-03-01,11
major-sales-rn,MAJOR SALES/RN,2026-04-01,10
major-sales-rn,MAJOR SALES/RN,2026-05-01,11
major-sales-rn,MAJOR SALES/RN,2026-06-01,8
major-sales-rn,MAJOR SALES/RN,2026-07-01,8
major-sales-rn,MAJOR SALES/RN,2026-08-01,8
major-sales-rn,MAJOR SALES/RN,2026-09-01,8
major-sales-rn,MAJOR SALES/RN,2026-10-01,8
major-sales-rn,MAJOR SALES/RN,2026-11-01,8
major-sales-rn,MAJOR SALES/RN,2026-12-01,8
maracanau-ce,MARACANAU/CE,2026-01-01,708
maracanau-ce,MARACANAU/CE,2026-02-01,715
maracanau-ce,MARACANAU/CE,2026-03-01,837
maracanau-ce,MARACANAU/CE,2026-04-01,829
maracanau-ce,MARACANAU/CE,2026-05-01,930
maracanau-ce,MARACANAU/CE,2026-06-01,720
maracanau-ce,MARACANAU/CE,2026-07-01,720
maracanau-ce,MARACANAU/CE,2026-08-01,720
maracanau-ce,MARACANAU/CE,2026-09-01,720
maracanau-ce,MARACANAU/CE,2026-10-01,720
maracanau-ce,MARACANAU/CE,2026-11-01,720
maracanau-ce,MARACANAU/CE,2026-12-01,720
maranguape-ce,MARANGUAPE/CE,2026-01-01,171
maranguape-ce,MARANGUAPE/CE,2026-02-01,154
maranguape-ce,MARANGUAPE/CE,2026-03-01,180
maranguape-ce,MARANGUAPE/CE,2026-04-01,179
maranguape-ce,MARANGUAPE/CE,2026-05-01,199
maranguape-ce,MARANGUAPE/CE,2026-06-01,154
maranguape-ce,MARANGUAPE/CE,2026-07-01,154
maranguape-ce,MARANGUAPE/CE,2026-08-01,154
maranguape-ce,MARANGUAPE/CE,2026-09-01,154
maranguape-ce,MARANGUAPE/CE,2026-10-01,154
maranguape-ce,MARANGUAPE/CE,2026-11-01,154
maranguape-ce,MARANGUAPE/CE,2026-12-01,154
marechal-deodoro-al,MARECHAL DEODORO/AL,2026-01-01,241
marechal-deodoro-al,MARECHAL DEODORO/AL,2026-02-01,205
marechal-deodoro-al,MARECHAL DEODORO/AL,2026-03-01,240
marechal-deodoro-al,MARECHAL DEODORO/AL,2026-04-01,238
marechal-deodoro-al,MARECHAL DEODORO/AL,2026-05-01,276
marechal-deodoro-al,MARECHAL DEODORO/AL,2026-06-01,213
marechal-deodoro-al,MARECHAL DEODORO/AL,2026-07-01,213
marechal-deodoro-al,MARECHAL DEODORO/AL,2026-08-01,213
marechal-deodoro-al,MARECHAL DEODORO/AL,2026-09-01,213
marechal-deodoro-al,MARECHAL DEODORO/AL,2026-10-01,213
marechal-deodoro-al,MARECHAL DEODORO/AL,2026-11-01,213
marechal-deodoro-al,MARECHAL DEODORO/AL,2026-12-01,213
martins-rn,MARTINS/RN,2026-01-01,14
martins-rn,MARTINS/RN,2026-02-01,15
martins-rn,MARTINS/RN,2026-03-01,16
martins-rn,MARTINS/RN,2026-04-01,15
martins-rn,MARTINS/RN,2026-05-01,15
martins-rn,MARTINS/RN,2026-06-01,14
martins-rn,MARTINS/RN,2026-07-01,14
martins-rn,MARTINS/RN,2026-08-01,14
martins-rn,MARTINS/RN,2026-09-01,14
martins-rn,MARTINS/RN,2026-10-01,14
martins-rn,MARTINS/RN,2026-11-01,14
martins-rn,MARTINS/RN,2026-12-01,14
milagres-ce,MILAGRES/CE,2026-01-01,33
milagres-ce,MILAGRES/CE,2026-02-01,33
milagres-ce,MILAGRES/CE,2026-03-01,39
milagres-ce,MILAGRES/CE,2026-04-01,38
milagres-ce,MILAGRES/CE,2026-05-01,40
milagres-ce,MILAGRES/CE,2026-06-01,32
milagres-ce,MILAGRES/CE,2026-07-01,32
milagres-ce,MILAGRES/CE,2026-08-01,32
milagres-ce,MILAGRES/CE,2026-09-01,32
milagres-ce,MILAGRES/CE,2026-10-01,32
milagres-ce,MILAGRES/CE,2026-11-01,32
milagres-ce,MILAGRES/CE,2026-12-01,32
missao-velha-ce,MISSAO VELHA/CE,2026-01-01,65
missao-velha-ce,MISSAO VELHA/CE,2026-02-01,50
missao-velha-ce,MISSAO VELHA/CE,2026-03-01,67
missao-velha-ce,MISSAO VELHA/CE,2026-04-01,65
missao-velha-ce,MISSAO VELHA/CE,2026-05-01,68
missao-velha-ce,MISSAO VELHA/CE,2026-06-01,53
missao-velha-ce,MISSAO VELHA/CE,2026-07-01,53
missao-velha-ce,MISSAO VELHA/CE,2026-08-01,53
missao-velha-ce,MISSAO VELHA/CE,2026-09-01,53
missao-velha-ce,MISSAO VELHA/CE,2026-10-01,53
missao-velha-ce,MISSAO VELHA/CE,2026-11-01,53
missao-velha-ce,MISSAO VELHA/CE,2026-12-01,53
mombaca-ce,MOMBACA/CE,2026-01-01,54
mombaca-ce,MOMBACA/CE,2026-02-01,64
mombaca-ce,MOMBACA/CE,2026-03-01,78
mombaca-ce,MOMBACA/CE,2026-04-01,74
mombaca-ce,MOMBACA/CE,2026-05-01,81
mombaca-ce,MOMBACA/CE,2026-06-01,66
mombaca-ce,MOMBACA/CE,2026-07-01,66
mombaca-ce,MOMBACA/CE,2026-08-01,66
mombaca-ce,MOMBACA/CE,2026-09-01,66
mombaca-ce,MOMBACA/CE,2026-10-01,66
mombaca-ce,MOMBACA/CE,2026-11-01,66
mombaca-ce,MOMBACA/CE,2026-12-01,66
morada-nova-ce,MORADA NOVA/CE,2026-01-01,128
morada-nova-ce,MORADA NOVA/CE,2026-02-01,107
morada-nova-ce,MORADA NOVA/CE,2026-03-01,142
morada-nova-ce,MORADA NOVA/CE,2026-04-01,147
morada-nova-ce,MORADA NOVA/CE,2026-05-01,168
morada-nova-ce,MORADA NOVA/CE,2026-06-01,149
morada-nova-ce,MORADA NOVA/CE,2026-07-01,149
morada-nova-ce,MORADA NOVA/CE,2026-08-01,149
morada-nova-ce,MORADA NOVA/CE,2026-09-01,149
morada-nova-ce,MORADA NOVA/CE,2026-10-01,149
morada-nova-ce,MORADA NOVA/CE,2026-11-01,149
morada-nova-ce,MORADA NOVA/CE,2026-12-01,149
mossoro-rn,MOSSORO/RN,2026-01-01,741
mossoro-rn,MOSSORO/RN,2026-02-01,650
mossoro-rn,MOSSORO/RN,2026-03-01,761
mossoro-rn,MOSSORO/RN,2026-04-01,782
mossoro-rn,MOSSORO/RN,2026-05-01,883
mossoro-rn,MOSSORO/RN,2026-06-01,684
mossoro-rn,MOSSORO/RN,2026-07-01,684
mossoro-rn,MOSSORO/RN,2026-08-01,684
mossoro-rn,MOSSORO/RN,2026-09-01,684
mossoro-rn,MOSSORO/RN,2026-10-01,684
mossoro-rn,MOSSORO/RN,2026-11-01,684
mossoro-rn,MOSSORO/RN,2026-12-01,684
natal-rn,NATAL/RN,2026-01-01,2363
natal-rn,NATAL/RN,2026-02-01,2119
natal-rn,NATAL/RN,2026-03-01,2235
natal-rn,NATAL/RN,2026-04-01,2215
natal-rn,NATAL/RN,2026-05-01,2454
natal-rn,NATAL/RN,2026-06-01,1902
natal-rn,NATAL/RN,2026-07-01,1902
natal-rn,NATAL/RN,2026-08-01,1902
natal-rn,NATAL/RN,2026-09-01,1902
natal-rn,NATAL/RN,2026-10-01,1902
natal-rn,NATAL/RN,2026-11-01,1902
natal-rn,NATAL/RN,2026-12-01,1902
nisia-floresta-rn,NISIA FLORESTA/RN,2026-01-01,30
nisia-floresta-rn,NISIA FLORESTA/RN,2026-02-01,25
nisia-floresta-rn,NISIA FLORESTA/RN,2026-03-01,30
nisia-floresta-rn,NISIA FLORESTA/RN,2026-04-01,28
nisia-floresta-rn,NISIA FLORESTA/RN,2026-05-01,33
nisia-floresta-rn,NISIA FLORESTA/RN,2026-06-01,25
nisia-floresta-rn,NISIA FLORESTA/RN,2026-07-01,25
nisia-floresta-rn,NISIA FLORESTA/RN,2026-08-01,25
nisia-floresta-rn,NISIA FLORESTA/RN,2026-09-01,25
nisia-floresta-rn,NISIA FLORESTA/RN,2026-10-01,25
nisia-floresta-rn,NISIA FLORESTA/RN,2026-11-01,25
nisia-floresta-rn,NISIA FLORESTA/RN,2026-12-01,25
nossa-senhora-do-socorro-se,NOSSA SENHORA DO SOCORRO/SE,2026-01-01,898
nossa-senhora-do-socorro-se,NOSSA SENHORA DO SOCORRO/SE,2026-02-01,790
nossa-senhora-do-socorro-se,NOSSA SENHORA DO SOCORRO/SE,2026-03-01,924
nossa-senhora-do-socorro-se,NOSSA SENHORA DO SOCORRO/SE,2026-04-01,916
nossa-senhora-do-socorro-se,NOSSA SENHORA DO SOCORRO/SE,2026-05-01,1037
nossa-senhora-do-socorro-se,NOSSA SENHORA DO SOCORRO/SE,2026-06-01,804
nossa-senhora-do-socorro-se,NOSSA SENHORA DO SOCORRO/SE,2026-07-01,804
nossa-senhora-do-socorro-se,NOSSA SENHORA DO SOCORRO/SE,2026-08-01,804
nossa-senhora-do-socorro-se,NOSSA SENHORA DO SOCORRO/SE,2026-09-01,804
nossa-senhora-do-socorro-se,NOSSA SENHORA DO SOCORRO/SE,2026-10-01,804
nossa-senhora-do-socorro-se,NOSSA SENHORA DO SOCORRO/SE,2026-11-01,804
nossa-senhora-do-socorro-se,NOSSA SENHORA DO SOCORRO/SE,2026-12-01,804
olho-dagua-das-flores-al,OLHO DAGUA DAS FLORES/AL,2026-01-01,62
olho-dagua-das-flores-al,OLHO DAGUA DAS FLORES/AL,2026-02-01,53
olho-dagua-das-flores-al,OLHO DAGUA DAS FLORES/AL,2026-03-01,65
olho-dagua-das-flores-al,OLHO DAGUA DAS FLORES/AL,2026-04-01,58
olho-dagua-das-flores-al,OLHO DAGUA DAS FLORES/AL,2026-05-01,60
olho-dagua-das-flores-al,OLHO DAGUA DAS FLORES/AL,2026-06-01,61
olho-dagua-das-flores-al,OLHO DAGUA DAS FLORES/AL,2026-07-01,68
olho-dagua-das-flores-al,OLHO DAGUA DAS FLORES/AL,2026-08-01,65
olho-dagua-das-flores-al,OLHO DAGUA DAS FLORES/AL,2026-09-01,64
olho-dagua-das-flores-al,OLHO DAGUA DAS FLORES/AL,2026-10-01,66
olho-dagua-das-flores-al,OLHO DAGUA DAS FLORES/AL,2026-11-01,67
olho-dagua-das-flores-al,OLHO DAGUA DAS FLORES/AL,2026-12-01,65
olinda-pe,OLINDA/PE,2026-01-01,485
olinda-pe,OLINDA/PE,2026-02-01,492
olinda-pe,OLINDA/PE,2026-03-01,575
olinda-pe,OLINDA/PE,2026-04-01,570
olinda-pe,OLINDA/PE,2026-05-01,652
olinda-pe,OLINDA/PE,2026-06-01,505
olinda-pe,OLINDA/PE,2026-07-01,505
olinda-pe,OLINDA/PE,2026-08-01,505
olinda-pe,OLINDA/PE,2026-09-01,505
olinda-pe,OLINDA/PE,2026-10-01,505
olinda-pe,OLINDA/PE,2026-11-01,505
olinda-pe,OLINDA/PE,2026-12-01,505
oros-ce,OROS/CE,2026-01-01,30
oros-ce,OROS/CE,2026-02-01,32
oros-ce,OROS/CE,2026-03-01,38
oros-ce,OROS/CE,2026-04-01,37
oros-ce,OROS/CE,2026-05-01,40
oros-ce,OROS/CE,2026-06-01,35
oros-ce,OROS/CE,2026-07-01,35
oros-ce,OROS/CE,2026-08-01,35
oros-ce,OROS/CE,2026-09-01,35
oros-ce,OROS/CE,2026-10-01,35
oros-ce,OROS/CE,2026-11-01,35
oros-ce,OROS/CE,2026-12-01,35
ouricuri-pe,OURICURI/PE,2026-01-01,79
ouricuri-pe,OURICURI/PE,2026-02-01,67
ouricuri-pe,OURICURI/PE,2026-03-01,79
ouricuri-pe,OURICURI/PE,2026-04-01,78
ouricuri-pe,OURICURI/PE,2026-05-01,84
ouricuri-pe,OURICURI/PE,2026-06-01,67
ouricuri-pe,OURICURI/PE,2026-07-01,67
ouricuri-pe,OURICURI/PE,2026-08-01,67
ouricuri-pe,OURICURI/PE,2026-09-01,67
ouricuri-pe,OURICURI/PE,2026-10-01,67
ouricuri-pe,OURICURI/PE,2026-11-01,67
ouricuri-pe,OURICURI/PE,2026-12-01,67
pacajus-ce,PACAJUS/CE,2026-01-01,222
pacajus-ce,PACAJUS/CE,2026-02-01,236
pacajus-ce,PACAJUS/CE,2026-03-01,277
pacajus-ce,PACAJUS/CE,2026-04-01,274
pacajus-ce,PACAJUS/CE,2026-05-01,298
pacajus-ce,PACAJUS/CE,2026-06-01,245
pacajus-ce,PACAJUS/CE,2026-07-01,245
pacajus-ce,PACAJUS/CE,2026-08-01,245
pacajus-ce,PACAJUS/CE,2026-09-01,245
pacajus-ce,PACAJUS/CE,2026-10-01,245
pacajus-ce,PACAJUS/CE,2026-11-01,245
pacajus-ce,PACAJUS/CE,2026-12-01,245
pacatuba-ce,PACATUBA/CE,2026-01-01,94
pacatuba-ce,PACATUBA/CE,2026-02-01,74
pacatuba-ce,PACATUBA/CE,2026-03-01,87
pacatuba-ce,PACATUBA/CE,2026-04-01,86
pacatuba-ce,PACATUBA/CE,2026-05-01,100
pacatuba-ce,PACATUBA/CE,2026-06-01,78
pacatuba-ce,PACATUBA/CE,2026-07-01,78
pacatuba-ce,PACATUBA/CE,2026-08-01,78
pacatuba-ce,PACATUBA/CE,2026-09-01,78
pacatuba-ce,PACATUBA/CE,2026-10-01,78
pacatuba-ce,PACATUBA/CE,2026-11-01,78
pacatuba-ce,PACATUBA/CE,2026-12-01,78
palmeira-dos-indios-al,PALMEIRA DOS INDIOS/AL,2026-01-01,138
palmeira-dos-indios-al,PALMEIRA DOS INDIOS/AL,2026-02-01,86
palmeira-dos-indios-al,PALMEIRA DOS INDIOS/AL,2026-03-01,101
palmeira-dos-indios-al,PALMEIRA DOS INDIOS/AL,2026-04-01,100
palmeira-dos-indios-al,PALMEIRA DOS INDIOS/AL,2026-05-01,118
palmeira-dos-indios-al,PALMEIRA DOS INDIOS/AL,2026-06-01,92
palmeira-dos-indios-al,PALMEIRA DOS INDIOS/AL,2026-07-01,92
palmeira-dos-indios-al,PALMEIRA DOS INDIOS/AL,2026-08-01,92
palmeira-dos-indios-al,PALMEIRA DOS INDIOS/AL,2026-09-01,92
palmeira-dos-indios-al,PALMEIRA DOS INDIOS/AL,2026-10-01,92
palmeira-dos-indios-al,PALMEIRA DOS INDIOS/AL,2026-11-01,92
palmeira-dos-indios-al,PALMEIRA DOS INDIOS/AL,2026-12-01,92
paraipaba-ce,PARAIPABA/CE,2026-01-01,119
paraipaba-ce,PARAIPABA/CE,2026-02-01,136
paraipaba-ce,PARAIPABA/CE,2026-03-01,160
paraipaba-ce,PARAIPABA/CE,2026-04-01,158
paraipaba-ce,PARAIPABA/CE,2026-05-01,172
paraipaba-ce,PARAIPABA/CE,2026-06-01,136
paraipaba-ce,PARAIPABA/CE,2026-07-01,136
paraipaba-ce,PARAIPABA/CE,2026-08-01,136
paraipaba-ce,PARAIPABA/CE,2026-09-01,136
paraipaba-ce,PARAIPABA/CE,2026-10-01,136
paraipaba-ce,PARAIPABA/CE,2026-11-01,136
paraipaba-ce,PARAIPABA/CE,2026-12-01,136
parnaiba-pi,PARNAIBA/PI,2026-01-01,446
parnaiba-pi,PARNAIBA/PI,2026-02-01,434
parnaiba-pi,PARNAIBA/PI,2026-03-01,508
parnaiba-pi,PARNAIBA/PI,2026-04-01,504
parnaiba-pi,PARNAIBA/PI,2026-05-01,558
parnaiba-pi,PARNAIBA/PI,2026-06-01,432
parnaiba-pi,PARNAIBA/PI,2026-07-01,432
parnaiba-pi,PARNAIBA/PI,2026-08-01,432
parnaiba-pi,PARNAIBA/PI,2026-09-01,432
parnaiba-pi,PARNAIBA/PI,2026-10-01,432
parnaiba-pi,PARNAIBA/PI,2026-11-01,432
parnaiba-pi,PARNAIBA/PI,2026-12-01,432
parnamirim-rn,PARNAMIRIM/RN,2026-01-01,844
parnamirim-rn,PARNAMIRIM/RN,2026-02-01,807
parnamirim-rn,PARNAMIRIM/RN,2026-03-01,944
parnamirim-rn,PARNAMIRIM/RN,2026-04-01,936
parnamirim-rn,PARNAMIRIM/RN,2026-05-01,1042
parnamirim-rn,PARNAMIRIM/RN,2026-06-01,807
parnamirim-rn,PARNAMIRIM/RN,2026-07-01,807
parnamirim-rn,PARNAMIRIM/RN,2026-08-01,807
parnamirim-rn,PARNAMIRIM/RN,2026-09-01,807
parnamirim-rn,PARNAMIRIM/RN,2026-10-01,807
parnamirim-rn,PARNAMIRIM/RN,2026-11-01,807
parnamirim-rn,PARNAMIRIM/RN,2026-12-01,807
patos-pb,PATOS/PB,2026-01-01,284
patos-pb,PATOS/PB,2026-02-01,293
patos-pb,PATOS/PB,2026-03-01,364
patos-pb,PATOS/PB,2026-04-01,359
patos-pb,PATOS/PB,2026-05-01,405
patos-pb,PATOS/PB,2026-06-01,314
patos-pb,PATOS/PB,2026-07-01,314
patos-pb,PATOS/PB,2026-08-01,314
patos-pb,PATOS/PB,2026-09-01,314
patos-pb,PATOS/PB,2026-10-01,314
patos-pb,PATOS/PB,2026-11-01,314
patos-pb,PATOS/PB,2026-12-01,314
pau-dos-ferros-rn,PAU DOS FERROS/RN,2026-01-01,100
pau-dos-ferros-rn,PAU DOS FERROS/RN,2026-02-01,104
pau-dos-ferros-rn,PAU DOS FERROS/RN,2026-03-01,108
pau-dos-ferros-rn,PAU DOS FERROS/RN,2026-04-01,103
pau-dos-ferros-rn,PAU DOS FERROS/RN,2026-05-01,108
pau-dos-ferros-rn,PAU DOS FERROS/RN,2026-06-01,107
pau-dos-ferros-rn,PAU DOS FERROS/RN,2026-07-01,107
pau-dos-ferros-rn,PAU DOS FERROS/RN,2026-08-01,107
pau-dos-ferros-rn,PAU DOS FERROS/RN,2026-09-01,107
pau-dos-ferros-rn,PAU DOS FERROS/RN,2026-10-01,107
pau-dos-ferros-rn,PAU DOS FERROS/RN,2026-11-01,107
pau-dos-ferros-rn,PAU DOS FERROS/RN,2026-12-01,107
paulista-pe,PAULISTA/PE,2026-01-01,437
paulista-pe,PAULISTA/PE,2026-02-01,443
paulista-pe,PAULISTA/PE,2026-03-01,518
paulista-pe,PAULISTA/PE,2026-04-01,513
paulista-pe,PAULISTA/PE,2026-05-01,574
paulista-pe,PAULISTA/PE,2026-06-01,445
paulista-pe,PAULISTA/PE,2026-07-01,445
paulista-pe,PAULISTA/PE,2026-08-01,445
paulista-pe,PAULISTA/PE,2026-09-01,445
paulista-pe,PAULISTA/PE,2026-10-01,445
paulista-pe,PAULISTA/PE,2026-11-01,445
paulista-pe,PAULISTA/PE,2026-12-01,445
paulo-afonso-ba,PAULO AFONSO/BA,2026-01-01,145
paulo-afonso-ba,PAULO AFONSO/BA,2026-02-01,125
paulo-afonso-ba,PAULO AFONSO/BA,2026-03-01,152
paulo-afonso-ba,PAULO AFONSO/BA,2026-04-01,137
paulo-afonso-ba,PAULO AFONSO/BA,2026-05-01,142
paulo-afonso-ba,PAULO AFONSO/BA,2026-06-01,145
paulo-afonso-ba,PAULO AFONSO/BA,2026-07-01,163
paulo-afonso-ba,PAULO AFONSO/BA,2026-08-01,156
paulo-afonso-ba,PAULO AFONSO/BA,2026-09-01,154
paulo-afonso-ba,PAULO AFONSO/BA,2026-10-01,159
paulo-afonso-ba,PAULO AFONSO/BA,2026-11-01,160
paulo-afonso-ba,PAULO AFONSO/BA,2026-12-01,157
pedra-branca-ce,PEDRA BRANCA/CE,2026-01-01,38
pedra-branca-ce,PEDRA BRANCA/CE,2026-02-01,34
pedra-branca-ce,PEDRA BRANCA/CE,2026-03-01,35
pedra-branca-ce,PEDRA BRANCA/CE,2026-04-01,35
pedra-branca-ce,PEDRA BRANCA/CE,2026-05-01,38
pedra-branca-ce,PEDRA BRANCA/CE,2026-06-01,31
pedra-branca-ce,PEDRA BRANCA/CE,2026-07-01,31
pedra-branca-ce,PEDRA BRANCA/CE,2026-08-01,31
pedra-branca-ce,PEDRA BRANCA/CE,2026-09-01,31
pedra-branca-ce,PEDRA BRANCA/CE,2026-10-01,31
pedra-branca-ce,PEDRA BRANCA/CE,2026-11-01,31
pedra-branca-ce,PEDRA BRANCA/CE,2026-12-01,31
pereiro-ce,PEREIRO/CE,2026-01-01,22
pereiro-ce,PEREIRO/CE,2026-02-01,21
pereiro-ce,PEREIRO/CE,2026-03-01,18
pereiro-ce,PEREIRO/CE,2026-04-01,19
pereiro-ce,PEREIRO/CE,2026-05-01,20
pereiro-ce,PEREIRO/CE,2026-06-01,19
pereiro-ce,PEREIRO/CE,2026-07-01,19
pereiro-ce,PEREIRO/CE,2026-08-01,19
pereiro-ce,PEREIRO/CE,2026-09-01,19
pereiro-ce,PEREIRO/CE,2026-10-01,19
pereiro-ce,PEREIRO/CE,2026-11-01,19
pereiro-ce,PEREIRO/CE,2026-12-01,19
pesqueira-pe,PESQUEIRA/PE,2026-01-01,111
pesqueira-pe,PESQUEIRA/PE,2026-02-01,84
pesqueira-pe,PESQUEIRA/PE,2026-03-01,104
pesqueira-pe,PESQUEIRA/PE,2026-04-01,95
pesqueira-pe,PESQUEIRA/PE,2026-05-01,97
pesqueira-pe,PESQUEIRA/PE,2026-06-01,96
pesqueira-pe,PESQUEIRA/PE,2026-07-01,96
pesqueira-pe,PESQUEIRA/PE,2026-08-01,96
pesqueira-pe,PESQUEIRA/PE,2026-09-01,96
pesqueira-pe,PESQUEIRA/PE,2026-10-01,96
pesqueira-pe,PESQUEIRA/PE,2026-11-01,96
pesqueira-pe,PESQUEIRA/PE,2026-12-01,96
petrolina-pe,PETROLINA/PE,2026-01-01,550
petrolina-pe,PETROLINA/PE,2026-02-01,379
petrolina-pe,PETROLINA/PE,2026-03-01,443
petrolina-pe,PETROLINA/PE,2026-04-01,439
petrolina-pe,PETROLINA/PE,2026-05-01,493
petrolina-pe,PETROLINA/PE,2026-06-01,382
petrolina-pe,PETROLINA/PE,2026-07-01,382
petrolina-pe,PETROLINA/PE,2026-08-01,382
petrolina-pe,PETROLINA/PE,2026-09-01,382
petrolina-pe,PETROLINA/PE,2026-10-01,382
petrolina-pe,PETROLINA/PE,2026-11-01,382
petrolina-pe,PETROLINA/PE,2026-12-01,382
picos-pi,PICOS/PI,2026-01-01,129
picos-pi,PICOS/PI,2026-02-01,95
picos-pi,PICOS/PI,2026-03-01,111
picos-pi,PICOS/PI,2026-04-01,110
picos-pi,PICOS/PI,2026-05-01,129
picos-pi,PICOS/PI,2026-06-01,100
picos-pi,PICOS/PI,2026-07-01,100
picos-pi,PICOS/PI,2026-08-01,100
picos-pi,PICOS/PI,2026-09-01,100
picos-pi,PICOS/PI,2026-10-01,100
picos-pi,PICOS/PI,2026-11-01,100
picos-pi,PICOS/PI,2026-12-01,100
piranhas-al,PIRANHAS/AL,2026-01-01,40
piranhas-al,PIRANHAS/AL,2026-02-01,35
piranhas-al,PIRANHAS/AL,2026-03-01,42
piranhas-al,PIRANHAS/AL,2026-04-01,38
piranhas-al,PIRANHAS/AL,2026-05-01,39
piranhas-al,PIRANHAS/AL,2026-06-01,39
piranhas-al,PIRANHAS/AL,2026-07-01,44
piranhas-al,PIRANHAS/AL,2026-08-01,42
piranhas-al,PIRANHAS/AL,2026-09-01,41
piranhas-al,PIRANHAS/AL,2026-10-01,43
piranhas-al,PIRANHAS/AL,2026-11-01,43
piranhas-al,PIRANHAS/AL,2026-12-01,42
piripiri-pi,PIRIPIRI/PI,2026-01-01,81
piripiri-pi,PIRIPIRI/PI,2026-02-01,70
piripiri-pi,PIRIPIRI/PI,2026-03-01,82
piripiri-pi,PIRIPIRI/PI,2026-04-01,81
piripiri-pi,PIRIPIRI/PI,2026-05-01,90
piripiri-pi,PIRIPIRI/PI,2026-06-01,70
piripiri-pi,PIRIPIRI/PI,2026-07-01,70
piripiri-pi,PIRIPIRI/PI,2026-08-01,70
piripiri-pi,PIRIPIRI/PI,2026-09-01,70
piripiri-pi,PIRIPIRI/PI,2026-10-01,70
piripiri-pi,PIRIPIRI/PI,2026-11-01,70
piripiri-pi,PIRIPIRI/PI,2026-12-01,70
pombal-pb,POMBAL/PB,2026-01-01,68
pombal-pb,POMBAL/PB,2026-02-01,68
pombal-pb,POMBAL/PB,2026-03-01,79
pombal-pb,POMBAL/PB,2026-04-01,79
pombal-pb,POMBAL/PB,2026-05-01,79
pombal-pb,POMBAL/PB,2026-06-01,69
pombal-pb,POMBAL/PB,2026-07-01,69
pombal-pb,POMBAL/PB,2026-08-01,69
pombal-pb,POMBAL/PB,2026-09-01,69
pombal-pb,POMBAL/PB,2026-10-01,69
pombal-pb,POMBAL/PB,2026-11-01,69
pombal-pb,POMBAL/PB,2026-12-01,69
portalegre-rn,PORTALEGRE/RN,2026-01-01,14
portalegre-rn,PORTALEGRE/RN,2026-02-01,12
portalegre-rn,PORTALEGRE/RN,2026-03-01,13
portalegre-rn,PORTALEGRE/RN,2026-04-01,12
portalegre-rn,PORTALEGRE/RN,2026-05-01,13
portalegre-rn,PORTALEGRE/RN,2026-06-01,12
portalegre-rn,PORTALEGRE/RN,2026-07-01,12
portalegre-rn,PORTALEGRE/RN,2026-08-01,12
portalegre-rn,PORTALEGRE/RN,2026-09-01,12
portalegre-rn,PORTALEGRE/RN,2026-10-01,12
portalegre-rn,PORTALEGRE/RN,2026-11-01,12
portalegre-rn,PORTALEGRE/RN,2026-12-01,12
queimadas-pb,QUEIMADAS/PB,2026-01-01,10
queimadas-pb,QUEIMADAS/PB,2026-02-01,8
queimadas-pb,QUEIMADAS/PB,2026-03-01,10
queimadas-pb,QUEIMADAS/PB,2026-04-01,10
queimadas-pb,QUEIMADAS/PB,2026-05-01,10
queimadas-pb,QUEIMADAS/PB,2026-06-01,8
queimadas-pb,QUEIMADAS/PB,2026-07-01,8
queimadas-pb,QUEIMADAS/PB,2026-08-01,8
queimadas-pb,QUEIMADAS/PB,2026-09-01,8
queimadas-pb,QUEIMADAS/PB,2026-10-01,8
queimadas-pb,QUEIMADAS/PB,2026-11-01,8
queimadas-pb,QUEIMADAS/PB,2026-12-01,8
quixada-ce,QUIXADA/CE,2026-01-01,238
quixada-ce,QUIXADA/CE,2026-02-01,214
quixada-ce,QUIXADA/CE,2026-03-01,256
quixada-ce,QUIXADA/CE,2026-04-01,253
quixada-ce,QUIXADA/CE,2026-05-01,277
quixada-ce,QUIXADA/CE,2026-06-01,237
quixada-ce,QUIXADA/CE,2026-07-01,237
quixada-ce,QUIXADA/CE,2026-08-01,237
quixada-ce,QUIXADA/CE,2026-09-01,237
quixada-ce,QUIXADA/CE,2026-10-01,237
quixada-ce,QUIXADA/CE,2026-11-01,237
quixada-ce,QUIXADA/CE,2026-12-01,237
quixeramobim-ce,QUIXERAMOBIM/CE,2026-01-01,223
quixeramobim-ce,QUIXERAMOBIM/CE,2026-02-01,184
quixeramobim-ce,QUIXERAMOBIM/CE,2026-03-01,201
quixeramobim-ce,QUIXERAMOBIM/CE,2026-04-01,193
quixeramobim-ce,QUIXERAMOBIM/CE,2026-05-01,209
quixeramobim-ce,QUIXERAMOBIM/CE,2026-06-01,189
quixeramobim-ce,QUIXERAMOBIM/CE,2026-07-01,189
quixeramobim-ce,QUIXERAMOBIM/CE,2026-08-01,189
quixeramobim-ce,QUIXERAMOBIM/CE,2026-09-01,189
quixeramobim-ce,QUIXERAMOBIM/CE,2026-10-01,189
quixeramobim-ce,QUIXERAMOBIM/CE,2026-11-01,189
quixeramobim-ce,QUIXERAMOBIM/CE,2026-12-01,189
quixere-ce,QUIXERE/CE,2026-01-01,41
quixere-ce,QUIXERE/CE,2026-02-01,39
quixere-ce,QUIXERE/CE,2026-03-01,40
quixere-ce,QUIXERE/CE,2026-04-01,37
quixere-ce,QUIXERE/CE,2026-05-01,41
quixere-ce,QUIXERE/CE,2026-06-01,42
quixere-ce,QUIXERE/CE,2026-07-01,42
quixere-ce,QUIXERE/CE,2026-08-01,42
quixere-ce,QUIXERE/CE,2026-09-01,42
quixere-ce,QUIXERE/CE,2026-10-01,42
quixere-ce,QUIXERE/CE,2026-11-01,42
quixere-ce,QUIXERE/CE,2026-12-01,42
rafael-fernandes-rn,RAFAEL FERNANDES/RN,2026-01-01,15
rafael-fernandes-rn,RAFAEL FERNANDES/RN,2026-02-01,13
rafael-fernandes-rn,RAFAEL FERNANDES/RN,2026-03-01,15
rafael-fernandes-rn,RAFAEL FERNANDES/RN,2026-04-01,15
rafael-fernandes-rn,RAFAEL FERNANDES/RN,2026-05-01,16
rafael-fernandes-rn,RAFAEL FERNANDES/RN,2026-06-01,13
rafael-fernandes-rn,RAFAEL FERNANDES/RN,2026-07-01,13
rafael-fernandes-rn,RAFAEL FERNANDES/RN,2026-08-01,13
rafael-fernandes-rn,RAFAEL FERNANDES/RN,2026-09-01,13
rafael-fernandes-rn,RAFAEL FERNANDES/RN,2026-10-01,13
rafael-fernandes-rn,RAFAEL FERNANDES/RN,2026-11-01,13
rafael-fernandes-rn,RAFAEL FERNANDES/RN,2026-12-01,13
recife-pe,RECIFE/PE,2026-01-01,731
recife-pe,RECIFE/PE,2026-02-01,614
recife-pe,RECIFE/PE,2026-03-01,719
recife-pe,RECIFE/PE,2026-04-01,712
recife-pe,RECIFE/PE,2026-05-01,812
recife-pe,RECIFE/PE,2026-06-01,629
recife-pe,RECIFE/PE,2026-07-01,629
recife-pe,RECIFE/PE,2026-08-01,629
recife-pe,RECIFE/PE,2026-09-01,629
recife-pe,RECIFE/PE,2026-10-01,629
recife-pe,RECIFE/PE,2026-11-01,629
recife-pe,RECIFE/PE,2026-12-01,629
ribeira-do-pombal-ba,RIBEIRA DO POMBAL/BA,2026-01-01,108
ribeira-do-pombal-ba,RIBEIRA DO POMBAL/BA,2026-02-01,117
ribeira-do-pombal-ba,RIBEIRA DO POMBAL/BA,2026-03-01,137
ribeira-do-pombal-ba,RIBEIRA DO POMBAL/BA,2026-04-01,136
ribeira-do-pombal-ba,RIBEIRA DO POMBAL/BA,2026-05-01,151
ribeira-do-pombal-ba,RIBEIRA DO POMBAL/BA,2026-06-01,117
ribeira-do-pombal-ba,RIBEIRA DO POMBAL/BA,2026-07-01,117
ribeira-do-pombal-ba,RIBEIRA DO POMBAL/BA,2026-08-01,117
ribeira-do-pombal-ba,RIBEIRA DO POMBAL/BA,2026-09-01,117
ribeira-do-pombal-ba,RIBEIRA DO POMBAL/BA,2026-10-01,117
ribeira-do-pombal-ba,RIBEIRA DO POMBAL/BA,2026-11-01,117
ribeira-do-pombal-ba,RIBEIRA DO POMBAL/BA,2026-12-01,117
rio-largo-al,RIO LARGO/AL,2026-01-01,206
rio-largo-al,RIO LARGO/AL,2026-02-01,149
rio-largo-al,RIO LARGO/AL,2026-03-01,174
rio-largo-al,RIO LARGO/AL,2026-04-01,173
rio-largo-al,RIO LARGO/AL,2026-05-01,199
rio-largo-al,RIO LARGO/AL,2026-06-01,154
rio-largo-al,RIO LARGO/AL,2026-07-01,154
rio-largo-al,RIO LARGO/AL,2026-08-01,154
rio-largo-al,RIO LARGO/AL,2026-09-01,154
rio-largo-al,RIO LARGO/AL,2026-10-01,154
rio-largo-al,RIO LARGO/AL,2026-11-01,154
rio-largo-al,RIO LARGO/AL,2026-12-01,154
russas-ce,RUSSAS/CE,2026-01-01,166
russas-ce,RUSSAS/CE,2026-02-01,154
russas-ce,RUSSAS/CE,2026-03-01,179
russas-ce,RUSSAS/CE,2026-04-01,177
russas-ce,RUSSAS/CE,2026-05-01,200
russas-ce,RUSSAS/CE,2026-06-01,155
russas-ce,RUSSAS/CE,2026-07-01,155
russas-ce,RUSSAS/CE,2026-08-01,155
russas-ce,RUSSAS/CE,2026-09-01,155
russas-ce,RUSSAS/CE,2026-10-01,155
russas-ce,RUSSAS/CE,2026-11-01,155
russas-ce,RUSSAS/CE,2026-12-01,155
salgueiro-pe,SALGUEIRO/PE,2026-01-01,121
salgueiro-pe,SALGUEIRO/PE,2026-02-01,96
salgueiro-pe,SALGUEIRO/PE,2026-03-01,112
salgueiro-pe,SALGUEIRO/PE,2026-04-01,111
salgueiro-pe,SALGUEIRO/PE,2026-05-01,139
salgueiro-pe,SALGUEIRO/PE,2026-06-01,107
salgueiro-pe,SALGUEIRO/PE,2026-07-01,107
salgueiro-pe,SALGUEIRO/PE,2026-08-01,107
salgueiro-pe,SALGUEIRO/PE,2026-09-01,107
salgueiro-pe,SALGUEIRO/PE,2026-10-01,107
salgueiro-pe,SALGUEIRO/PE,2026-11-01,107
salgueiro-pe,SALGUEIRO/PE,2026-12-01,107
santa-cruz-do-capibaribe-pe,SANTA CRUZ DO CAPIBARIBE/PE,2026-01-01,148
santa-cruz-do-capibaribe-pe,SANTA CRUZ DO CAPIBARIBE/PE,2026-02-01,142
santa-cruz-do-capibaribe-pe,SANTA CRUZ DO CAPIBARIBE/PE,2026-03-01,166
santa-cruz-do-capibaribe-pe,SANTA CRUZ DO CAPIBARIBE/PE,2026-04-01,165
santa-cruz-do-capibaribe-pe,SANTA CRUZ DO CAPIBARIBE/PE,2026-05-01,187
santa-cruz-do-capibaribe-pe,SANTA CRUZ DO CAPIBARIBE/PE,2026-06-01,145
santa-cruz-do-capibaribe-pe,SANTA CRUZ DO CAPIBARIBE/PE,2026-07-01,145
santa-cruz-do-capibaribe-pe,SANTA CRUZ DO CAPIBARIBE/PE,2026-08-01,145
santa-cruz-do-capibaribe-pe,SANTA CRUZ DO CAPIBARIBE/PE,2026-09-01,145
santa-cruz-do-capibaribe-pe,SANTA CRUZ DO CAPIBARIBE/PE,2026-10-01,145
santa-cruz-do-capibaribe-pe,SANTA CRUZ DO CAPIBARIBE/PE,2026-11-01,145
santa-cruz-do-capibaribe-pe,SANTA CRUZ DO CAPIBARIBE/PE,2026-12-01,145
santa-luzia-pb,SANTA LUZIA/PB,2026-01-01,29
santa-luzia-pb,SANTA LUZIA/PB,2026-02-01,27
santa-luzia-pb,SANTA LUZIA/PB,2026-03-01,26
santa-luzia-pb,SANTA LUZIA/PB,2026-04-01,24
santa-luzia-pb,SANTA LUZIA/PB,2026-05-01,25
santa-luzia-pb,SANTA LUZIA/PB,2026-06-01,24
santa-luzia-pb,SANTA LUZIA/PB,2026-07-01,24
santa-luzia-pb,SANTA LUZIA/PB,2026-08-01,24
santa-luzia-pb,SANTA LUZIA/PB,2026-09-01,24
santa-luzia-pb,SANTA LUZIA/PB,2026-10-01,24
santa-luzia-pb,SANTA LUZIA/PB,2026-11-01,24
santa-luzia-pb,SANTA LUZIA/PB,2026-12-01,24
santa-rita-pb,SANTA RITA/PB,2026-01-01,370
santa-rita-pb,SANTA RITA/PB,2026-02-01,374
santa-rita-pb,SANTA RITA/PB,2026-03-01,394
santa-rita-pb,SANTA RITA/PB,2026-04-01,390
santa-rita-pb,SANTA RITA/PB,2026-05-01,420
santa-rita-pb,SANTA RITA/PB,2026-06-01,387
santa-rita-pb,SANTA RITA/PB,2026-07-01,387
santa-rita-pb,SANTA RITA/PB,2026-08-01,387
santa-rita-pb,SANTA RITA/PB,2026-09-01,387
santa-rita-pb,SANTA RITA/PB,2026-10-01,387
santa-rita-pb,SANTA RITA/PB,2026-11-01,387
santa-rita-pb,SANTA RITA/PB,2026-12-01,387
santo-amaro-ba,SANTO AMARO/BA,2026-01-01,141
santo-amaro-ba,SANTO AMARO/BA,2026-02-01,157
santo-amaro-ba,SANTO AMARO/BA,2026-03-01,183
santo-amaro-ba,SANTO AMARO/BA,2026-04-01,182
santo-amaro-ba,SANTO AMARO/BA,2026-05-01,194
santo-amaro-ba,SANTO AMARO/BA,2026-06-01,160
santo-amaro-ba,SANTO AMARO/BA,2026-07-01,160
santo-amaro-ba,SANTO AMARO/BA,2026-08-01,160
santo-amaro-ba,SANTO AMARO/BA,2026-09-01,160
santo-amaro-ba,SANTO AMARO/BA,2026-10-01,160
santo-amaro-ba,SANTO AMARO/BA,2026-11-01,160
santo-amaro-ba,SANTO AMARO/BA,2026-12-01,160
sao-benedito-ce,SAO BENEDITO/CE,2026-01-01,60
sao-benedito-ce,SAO BENEDITO/CE,2026-02-01,47
sao-benedito-ce,SAO BENEDITO/CE,2026-03-01,45
sao-benedito-ce,SAO BENEDITO/CE,2026-04-01,58
sao-benedito-ce,SAO BENEDITO/CE,2026-05-01,60
sao-benedito-ce,SAO BENEDITO/CE,2026-06-01,60
sao-benedito-ce,SAO BENEDITO/CE,2026-07-01,60
sao-benedito-ce,SAO BENEDITO/CE,2026-08-01,60
sao-benedito-ce,SAO BENEDITO/CE,2026-09-01,60
sao-benedito-ce,SAO BENEDITO/CE,2026-10-01,60
sao-benedito-ce,SAO BENEDITO/CE,2026-11-01,60
sao-benedito-ce,SAO BENEDITO/CE,2026-12-01,60
sao-bento-pb,SAO BENTO/PB,2026-01-01,64
sao-bento-pb,SAO BENTO/PB,2026-02-01,74
sao-bento-pb,SAO BENTO/PB,2026-03-01,95
sao-bento-pb,SAO BENTO/PB,2026-04-01,93
sao-bento-pb,SAO BENTO/PB,2026-05-01,98
sao-bento-pb,SAO BENTO/PB,2026-06-01,84
sao-bento-pb,SAO BENTO/PB,2026-07-01,84
sao-bento-pb,SAO BENTO/PB,2026-08-01,84
sao-bento-pb,SAO BENTO/PB,2026-09-01,84
sao-bento-pb,SAO BENTO/PB,2026-10-01,84
sao-bento-pb,SAO BENTO/PB,2026-11-01,84
sao-bento-pb,SAO BENTO/PB,2026-12-01,84
sao-cristovao-se,SAO CRISTOVAO/SE,2026-01-01,247
sao-cristovao-se,SAO CRISTOVAO/SE,2026-02-01,210
sao-cristovao-se,SAO CRISTOVAO/SE,2026-03-01,246
sao-cristovao-se,SAO CRISTOVAO/SE,2026-04-01,244
sao-cristovao-se,SAO CRISTOVAO/SE,2026-05-01,277
sao-cristovao-se,SAO CRISTOVAO/SE,2026-06-01,215
sao-cristovao-se,SAO CRISTOVAO/SE,2026-07-01,215
sao-cristovao-se,SAO CRISTOVAO/SE,2026-08-01,215
sao-cristovao-se,SAO CRISTOVAO/SE,2026-09-01,215
sao-cristovao-se,SAO CRISTOVAO/SE,2026-10-01,215
sao-cristovao-se,SAO CRISTOVAO/SE,2026-11-01,215
sao-cristovao-se,SAO CRISTOVAO/SE,2026-12-01,215
sao-goncalo-do-amarante-rn,SAO GONCALO DO AMARANTE/RN,2026-01-01,377
sao-goncalo-do-amarante-rn,SAO GONCALO DO AMARANTE/RN,2026-02-01,421
sao-goncalo-do-amarante-rn,SAO GONCALO DO AMARANTE/RN,2026-03-01,493
sao-goncalo-do-amarante-rn,SAO GONCALO DO AMARANTE/RN,2026-04-01,488
sao-goncalo-do-amarante-rn,SAO GONCALO DO AMARANTE/RN,2026-05-01,549
sao-goncalo-do-amarante-rn,SAO GONCALO DO AMARANTE/RN,2026-06-01,425
sao-goncalo-do-amarante-rn,SAO GONCALO DO AMARANTE/RN,2026-07-01,425
sao-goncalo-do-amarante-rn,SAO GONCALO DO AMARANTE/RN,2026-08-01,425
sao-goncalo-do-amarante-rn,SAO GONCALO DO AMARANTE/RN,2026-09-01,425
sao-goncalo-do-amarante-rn,SAO GONCALO DO AMARANTE/RN,2026-10-01,425
sao-goncalo-do-amarante-rn,SAO GONCALO DO AMARANTE/RN,2026-11-01,425
sao-goncalo-do-amarante-rn,SAO GONCALO DO AMARANTE/RN,2026-12-01,425
sao-jose-de-mipibu-rn,SAO JOSE DE MIPIBU/RN,2026-01-01,87
sao-jose-de-mipibu-rn,SAO JOSE DE MIPIBU/RN,2026-02-01,94
sao-jose-de-mipibu-rn,SAO JOSE DE MIPIBU/RN,2026-03-01,113
sao-jose-de-mipibu-rn,SAO JOSE DE MIPIBU/RN,2026-04-01,105
sao-jose-de-mipibu-rn,SAO JOSE DE MIPIBU/RN,2026-05-01,112
sao-jose-de-mipibu-rn,SAO JOSE DE MIPIBU/RN,2026-06-01,87
sao-jose-de-mipibu-rn,SAO JOSE DE MIPIBU/RN,2026-07-01,87
sao-jose-de-mipibu-rn,SAO JOSE DE MIPIBU/RN,2026-08-01,87
sao-jose-de-mipibu-rn,SAO JOSE DE MIPIBU/RN,2026-09-01,87
sao-jose-de-mipibu-rn,SAO JOSE DE MIPIBU/RN,2026-10-01,87
sao-jose-de-mipibu-rn,SAO JOSE DE MIPIBU/RN,2026-11-01,87
sao-jose-de-mipibu-rn,SAO JOSE DE MIPIBU/RN,2026-12-01,87
sao-lourenco-da-mata-pe,SAO LOURENCO DA MATA/PE,2026-01-01,188
sao-lourenco-da-mata-pe,SAO LOURENCO DA MATA/PE,2026-02-01,150
sao-lourenco-da-mata-pe,SAO LOURENCO DA MATA/PE,2026-03-01,176
sao-lourenco-da-mata-pe,SAO LOURENCO DA MATA/PE,2026-04-01,174
sao-lourenco-da-mata-pe,SAO LOURENCO DA MATA/PE,2026-05-01,190
sao-lourenco-da-mata-pe,SAO LOURENCO DA MATA/PE,2026-06-01,147
sao-lourenco-da-mata-pe,SAO LOURENCO DA MATA/PE,2026-07-01,147
sao-lourenco-da-mata-pe,SAO LOURENCO DA MATA/PE,2026-08-01,147
sao-lourenco-da-mata-pe,SAO LOURENCO DA MATA/PE,2026-09-01,147
sao-lourenco-da-mata-pe,SAO LOURENCO DA MATA/PE,2026-10-01,147
sao-lourenco-da-mata-pe,SAO LOURENCO DA MATA/PE,2026-11-01,147
sao-lourenco-da-mata-pe,SAO LOURENCO DA MATA/PE,2026-12-01,147
sao-miguel-dos-campos-al,SAO MIGUEL DOS CAMPOS/AL,2026-01-01,139
sao-miguel-dos-campos-al,SAO MIGUEL DOS CAMPOS/AL,2026-02-01,91
sao-miguel-dos-campos-al,SAO MIGUEL DOS CAMPOS/AL,2026-03-01,97
sao-miguel-dos-campos-al,SAO MIGUEL DOS CAMPOS/AL,2026-04-01,96
sao-miguel-dos-campos-al,SAO MIGUEL DOS CAMPOS/AL,2026-05-01,113
sao-miguel-dos-campos-al,SAO MIGUEL DOS CAMPOS/AL,2026-06-01,87
sao-miguel-dos-campos-al,SAO MIGUEL DOS CAMPOS/AL,2026-07-01,87
sao-miguel-dos-campos-al,SAO MIGUEL DOS CAMPOS/AL,2026-08-01,87
sao-miguel-dos-campos-al,SAO MIGUEL DOS CAMPOS/AL,2026-09-01,87
sao-miguel-dos-campos-al,SAO MIGUEL DOS CAMPOS/AL,2026-10-01,87
sao-miguel-dos-campos-al,SAO MIGUEL DOS CAMPOS/AL,2026-11-01,87
sao-miguel-dos-campos-al,SAO MIGUEL DOS CAMPOS/AL,2026-12-01,87
sao-miguel-rn,SAO MIGUEL/RN,2026-01-01,60
sao-miguel-rn,SAO MIGUEL/RN,2026-02-01,54
sao-miguel-rn,SAO MIGUEL/RN,2026-03-01,57
sao-miguel-rn,SAO MIGUEL/RN,2026-04-01,67
sao-miguel-rn,SAO MIGUEL/RN,2026-05-01,71
sao-miguel-rn,SAO MIGUEL/RN,2026-06-01,71
sao-miguel-rn,SAO MIGUEL/RN,2026-07-01,71
sao-miguel-rn,SAO MIGUEL/RN,2026-08-01,71
sao-miguel-rn,SAO MIGUEL/RN,2026-09-01,71
sao-miguel-rn,SAO MIGUEL/RN,2026-10-01,71
sao-miguel-rn,SAO MIGUEL/RN,2026-11-01,71
sao-miguel-rn,SAO MIGUEL/RN,2026-12-01,71
senador-pompeu-ce,SENADOR POMPEU/CE,2026-01-01,45
senador-pompeu-ce,SENADOR POMPEU/CE,2026-02-01,49
senador-pompeu-ce,SENADOR POMPEU/CE,2026-03-01,53
senador-pompeu-ce,SENADOR POMPEU/CE,2026-04-01,48
senador-pompeu-ce,SENADOR POMPEU/CE,2026-05-01,50
senador-pompeu-ce,SENADOR POMPEU/CE,2026-06-01,47
senador-pompeu-ce,SENADOR POMPEU/CE,2026-07-01,47
senador-pompeu-ce,SENADOR POMPEU/CE,2026-08-01,47
senador-pompeu-ce,SENADOR POMPEU/CE,2026-09-01,47
senador-pompeu-ce,SENADOR POMPEU/CE,2026-10-01,47
senador-pompeu-ce,SENADOR POMPEU/CE,2026-11-01,47
senador-pompeu-ce,SENADOR POMPEU/CE,2026-12-01,47
serra-talhada-pe,SERRA TALHADA/PE,2026-01-01,138
serra-talhada-pe,SERRA TALHADA/PE,2026-02-01,102
serra-talhada-pe,SERRA TALHADA/PE,2026-03-01,109
serra-talhada-pe,SERRA TALHADA/PE,2026-04-01,118
serra-talhada-pe,SERRA TALHADA/PE,2026-05-01,121
serra-talhada-pe,SERRA TALHADA/PE,2026-06-01,114
serra-talhada-pe,SERRA TALHADA/PE,2026-07-01,114
serra-talhada-pe,SERRA TALHADA/PE,2026-08-01,114
serra-talhada-pe,SERRA TALHADA/PE,2026-09-01,114
serra-talhada-pe,SERRA TALHADA/PE,2026-10-01,114
serra-talhada-pe,SERRA TALHADA/PE,2026-11-01,114
serra-talhada-pe,SERRA TALHADA/PE,2026-12-01,114
simoes-filho-ba,SIMOES FILHO/BA,2026-01-01,292
simoes-filho-ba,SIMOES FILHO/BA,2026-02-01,34
simoes-filho-ba,SIMOES FILHO/BA,2026-03-01,40
simoes-filho-ba,SIMOES FILHO/BA,2026-04-01,39
simoes-filho-ba,SIMOES FILHO/BA,2026-05-01,45
simoes-filho-ba,SIMOES FILHO/BA,2026-06-01,35
simoes-filho-ba,SIMOES FILHO/BA,2026-07-01,35
simoes-filho-ba,SIMOES FILHO/BA,2026-08-01,35
simoes-filho-ba,SIMOES FILHO/BA,2026-09-01,35
simoes-filho-ba,SIMOES FILHO/BA,2026-10-01,35
simoes-filho-ba,SIMOES FILHO/BA,2026-11-01,35
simoes-filho-ba,SIMOES FILHO/BA,2026-12-01,35
sobral-ce,SOBRAL/CE,2026-01-01,395
sobral-ce,SOBRAL/CE,2026-02-01,434
sobral-ce,SOBRAL/CE,2026-03-01,525
sobral-ce,SOBRAL/CE,2026-04-01,504
sobral-ce,SOBRAL/CE,2026-05-01,561
sobral-ce,SOBRAL/CE,2026-06-01,435
sobral-ce,SOBRAL/CE,2026-07-01,435
sobral-ce,SOBRAL/CE,2026-08-01,435
sobral-ce,SOBRAL/CE,2026-09-01,435
sobral-ce,SOBRAL/CE,2026-10-01,435
sobral-ce,SOBRAL/CE,2026-11-01,435
sobral-ce,SOBRAL/CE,2026-12-01,435
sousa-pb,SOUSA/PB,2026-01-01,96
sousa-pb,SOUSA/PB,2026-02-01,113
sousa-pb,SOUSA/PB,2026-03-01,133
sousa-pb,SOUSA/PB,2026-04-01,132
sousa-pb,SOUSA/PB,2026-05-01,145
sousa-pb,SOUSA/PB,2026-06-01,113
sousa-pb,SOUSA/PB,2026-07-01,113
sousa-pb,SOUSA/PB,2026-08-01,113
sousa-pb,SOUSA/PB,2026-09-01,113
sousa-pb,SOUSA/PB,2026-10-01,113
sousa-pb,SOUSA/PB,2026-11-01,113
sousa-pb,SOUSA/PB,2026-12-01,113
surubim-pe,SURUBIM/PE,2026-01-01,57
surubim-pe,SURUBIM/PE,2026-02-01,52
surubim-pe,SURUBIM/PE,2026-03-01,60
surubim-pe,SURUBIM/PE,2026-04-01,60
surubim-pe,SURUBIM/PE,2026-05-01,65
surubim-pe,SURUBIM/PE,2026-06-01,51
surubim-pe,SURUBIM/PE,2026-07-01,51
surubim-pe,SURUBIM/PE,2026-08-01,51
surubim-pe,SURUBIM/PE,2026-09-01,51
surubim-pe,SURUBIM/PE,2026-10-01,51
surubim-pe,SURUBIM/PE,2026-11-01,51
surubim-pe,SURUBIM/PE,2026-12-01,51
tabuleiro-do-norte-ce,TABULEIRO DO NORTE/CE,2026-01-01,55
tabuleiro-do-norte-ce,TABULEIRO DO NORTE/CE,2026-02-01,53
tabuleiro-do-norte-ce,TABULEIRO DO NORTE/CE,2026-03-01,62
tabuleiro-do-norte-ce,TABULEIRO DO NORTE/CE,2026-04-01,61
tabuleiro-do-norte-ce,TABULEIRO DO NORTE/CE,2026-05-01,64
tabuleiro-do-norte-ce,TABULEIRO DO NORTE/CE,2026-06-01,59
tabuleiro-do-norte-ce,TABULEIRO DO NORTE/CE,2026-07-01,59
tabuleiro-do-norte-ce,TABULEIRO DO NORTE/CE,2026-08-01,59
tabuleiro-do-norte-ce,TABULEIRO DO NORTE/CE,2026-09-01,59
tabuleiro-do-norte-ce,TABULEIRO DO NORTE/CE,2026-10-01,59
tabuleiro-do-norte-ce,TABULEIRO DO NORTE/CE,2026-11-01,59
tabuleiro-do-norte-ce,TABULEIRO DO NORTE/CE,2026-12-01,59
taua-ce,TAUA/CE,2026-01-01,124
taua-ce,TAUA/CE,2026-02-01,135
taua-ce,TAUA/CE,2026-03-01,158
taua-ce,TAUA/CE,2026-04-01,156
taua-ce,TAUA/CE,2026-05-01,171
taua-ce,TAUA/CE,2026-06-01,137
taua-ce,TAUA/CE,2026-07-01,137
taua-ce,TAUA/CE,2026-08-01,137
taua-ce,TAUA/CE,2026-09-01,137
taua-ce,TAUA/CE,2026-10-01,137
taua-ce,TAUA/CE,2026-11-01,137
taua-ce,TAUA/CE,2026-12-01,137
teresina-pi,TERESINA/PI,2026-01-01,1704
teresina-pi,TERESINA/PI,2026-02-01,1564
teresina-pi,TERESINA/PI,2026-03-01,1830
teresina-pi,TERESINA/PI,2026-04-01,1813
teresina-pi,TERESINA/PI,2026-05-01,2055
teresina-pi,TERESINA/PI,2026-06-01,1592
teresina-pi,TERESINA/PI,2026-07-01,1592
teresina-pi,TERESINA/PI,2026-08-01,1592
teresina-pi,TERESINA/PI,2026-09-01,1592
teresina-pi,TERESINA/PI,2026-10-01,1592
teresina-pi,TERESINA/PI,2026-11-01,1592
teresina-pi,TERESINA/PI,2026-12-01,1592
tiangua-ce,TIANGUA/CE,2026-01-01,155
tiangua-ce,TIANGUA/CE,2026-02-01,120
tiangua-ce,TIANGUA/CE,2026-03-01,132
tiangua-ce,TIANGUA/CE,2026-04-01,119
tiangua-ce,TIANGUA/CE,2026-05-01,145
tiangua-ce,TIANGUA/CE,2026-06-01,142
tiangua-ce,TIANGUA/CE,2026-07-01,142
tiangua-ce,TIANGUA/CE,2026-08-01,142
tiangua-ce,TIANGUA/CE,2026-09-01,142
tiangua-ce,TIANGUA/CE,2026-10-01,142
tiangua-ce,TIANGUA/CE,2026-11-01,142
tiangua-ce,TIANGUA/CE,2026-12-01,142
timon-ma,TIMON/MA,2026-01-01,470
timon-ma,TIMON/MA,2026-02-01,582
timon-ma,TIMON/MA,2026-03-01,681
timon-ma,TIMON/MA,2026-04-01,675
timon-ma,TIMON/MA,2026-05-01,751
timon-ma,TIMON/MA,2026-06-01,582
timon-ma,TIMON/MA,2026-07-01,582
timon-ma,TIMON/MA,2026-08-01,582
timon-ma,TIMON/MA,2026-09-01,582
timon-ma,TIMON/MA,2026-10-01,582
timon-ma,TIMON/MA,2026-11-01,582
timon-ma,TIMON/MA,2026-12-01,582
tobias-barreto-se,TOBIAS BARRETO/SE,2026-01-01,113
tobias-barreto-se,TOBIAS BARRETO/SE,2026-02-01,96
tobias-barreto-se,TOBIAS BARRETO/SE,2026-03-01,112
tobias-barreto-se,TOBIAS BARRETO/SE,2026-04-01,111
tobias-barreto-se,TOBIAS BARRETO/SE,2026-05-01,127
tobias-barreto-se,TOBIAS BARRETO/SE,2026-06-01,98
tobias-barreto-se,TOBIAS BARRETO/SE,2026-07-01,98
tobias-barreto-se,TOBIAS BARRETO/SE,2026-08-01,98
tobias-barreto-se,TOBIAS BARRETO/SE,2026-09-01,98
tobias-barreto-se,TOBIAS BARRETO/SE,2026-10-01,98
tobias-barreto-se,TOBIAS BARRETO/SE,2026-11-01,98
tobias-barreto-se,TOBIAS BARRETO/SE,2026-12-01,98
toritama-pe,TORITAMA/PE,2026-01-01,114
toritama-pe,TORITAMA/PE,2026-02-01,126
toritama-pe,TORITAMA/PE,2026-03-01,148
toritama-pe,TORITAMA/PE,2026-04-01,146
toritama-pe,TORITAMA/PE,2026-05-01,160
toritama-pe,TORITAMA/PE,2026-06-01,129
toritama-pe,TORITAMA/PE,2026-07-01,129
toritama-pe,TORITAMA/PE,2026-08-01,129
toritama-pe,TORITAMA/PE,2026-09-01,129
toritama-pe,TORITAMA/PE,2026-10-01,129
toritama-pe,TORITAMA/PE,2026-11-01,129
toritama-pe,TORITAMA/PE,2026-12-01,129
ubajara-ce,UBAJARA/CE,2026-01-01,31
ubajara-ce,UBAJARA/CE,2026-02-01,28
ubajara-ce,UBAJARA/CE,2026-03-01,25
ubajara-ce,UBAJARA/CE,2026-04-01,25
ubajara-ce,UBAJARA/CE,2026-05-01,26
ubajara-ce,UBAJARA/CE,2026-06-01,26
ubajara-ce,UBAJARA/CE,2026-07-01,26
ubajara-ce,UBAJARA/CE,2026-08-01,26
ubajara-ce,UBAJARA/CE,2026-09-01,26
ubajara-ce,UBAJARA/CE,2026-10-01,26
ubajara-ce,UBAJARA/CE,2026-11-01,26
ubajara-ce,UBAJARA/CE,2026-12-01,26
uirauna-pb,UIRAUNA/PB,2026-01-01,37
uirauna-pb,UIRAUNA/PB,2026-02-01,21
uirauna-pb,UIRAUNA/PB,2026-03-01,20
uirauna-pb,UIRAUNA/PB,2026-04-01,20
uirauna-pb,UIRAUNA/PB,2026-05-01,22
uirauna-pb,UIRAUNA/PB,2026-06-01,20
uirauna-pb,UIRAUNA/PB,2026-07-01,20
uirauna-pb,UIRAUNA/PB,2026-08-01,20
uirauna-pb,UIRAUNA/PB,2026-09-01,20
uirauna-pb,UIRAUNA/PB,2026-10-01,20
uirauna-pb,UIRAUNA/PB,2026-11-01,20
uirauna-pb,UIRAUNA/PB,2026-12-01,20
umarizal-rn,UMARIZAL/RN,2026-01-01,18
umarizal-rn,UMARIZAL/RN,2026-02-01,13
umarizal-rn,UMARIZAL/RN,2026-03-01,15
umarizal-rn,UMARIZAL/RN,2026-04-01,15
umarizal-rn,UMARIZAL/RN,2026-05-01,16
umarizal-rn,UMARIZAL/RN,2026-06-01,14
umarizal-rn,UMARIZAL/RN,2026-07-01,14
umarizal-rn,UMARIZAL/RN,2026-08-01,14
umarizal-rn,UMARIZAL/RN,2026-09-01,14
umarizal-rn,UMARIZAL/RN,2026-10-01,14
umarizal-rn,UMARIZAL/RN,2026-11-01,14
umarizal-rn,UMARIZAL/RN,2026-12-01,14
varzea-alegre-ce,VARZEA ALEGRE/CE,2026-01-01,90
varzea-alegre-ce,VARZEA ALEGRE/CE,2026-02-01,60
varzea-alegre-ce,VARZEA ALEGRE/CE,2026-03-01,64
varzea-alegre-ce,VARZEA ALEGRE/CE,2026-04-01,63
varzea-alegre-ce,VARZEA ALEGRE/CE,2026-05-01,66
varzea-alegre-ce,VARZEA ALEGRE/CE,2026-06-01,67
varzea-alegre-ce,VARZEA ALEGRE/CE,2026-07-01,67
varzea-alegre-ce,VARZEA ALEGRE/CE,2026-08-01,67
varzea-alegre-ce,VARZEA ALEGRE/CE,2026-09-01,67
varzea-alegre-ce,VARZEA ALEGRE/CE,2026-10-01,67
varzea-alegre-ce,VARZEA ALEGRE/CE,2026-11-01,67
varzea-alegre-ce,VARZEA ALEGRE/CE,2026-12-01,67
vicosa-do-ceara-ce,VICOSA DO CEARA/CE,2026-01-01,35
vicosa-do-ceara-ce,VICOSA DO CEARA/CE,2026-02-01,28
vicosa-do-ceara-ce,VICOSA DO CEARA/CE,2026-03-01,30
vicosa-do-ceara-ce,VICOSA DO CEARA/CE,2026-04-01,29
vicosa-do-ceara-ce,VICOSA DO CEARA/CE,2026-05-01,30
vicosa-do-ceara-ce,VICOSA DO CEARA/CE,2026-06-01,28
vicosa-do-ceara-ce,VICOSA DO CEARA/CE,2026-07-01,28
vicosa-do-ceara-ce,VICOSA DO CEARA/CE,2026-08-01,28
vicosa-do-ceara-ce,VICOSA DO CEARA/CE,2026-09-01,28
vicosa-do-ceara-ce,VICOSA DO CEARA/CE,2026-10-01,28
vicosa-do-ceara-ce,VICOSA DO CEARA/CE,2026-11-01,28
vicosa-do-ceara-ce,VICOSA DO CEARA/CE,2026-12-01,28
vitoria-de-santo-antao-pe,VITORIA DE SANTO ANTAO/PE,2026-01-01,166
vitoria-de-santo-antao-pe,VITORIA DE SANTO ANTAO/PE,2026-02-01,134
vitoria-de-santo-antao-pe,VITORIA DE SANTO ANTAO/PE,2026-03-01,146
vitoria-de-santo-antao-pe,VITORIA DE SANTO ANTAO/PE,2026-04-01,145
vitoria-de-santo-antao-pe,VITORIA DE SANTO ANTAO/PE,2026-05-01,172
vitoria-de-santo-antao-pe,VITORIA DE SANTO ANTAO/PE,2026-06-01,133
vitoria-de-santo-antao-pe,VITORIA DE SANTO ANTAO/PE,2026-07-01,133
vitoria-de-santo-antao-pe,VITORIA DE SANTO ANTAO/PE,2026-08-01,133
vitoria-de-santo-antao-pe,VITORIA DE SANTO ANTAO/PE,2026-09-01,133
vitoria-de-santo-antao-pe,VITORIA DE SANTO ANTAO/PE,2026-10-01,133
vitoria-de-santo-antao-pe,VITORIA DE SANTO ANTAO/PE,2026-11-01,133
vitoria-de-santo-antao-pe,VITORIA DE SANTO ANTAO/PE,2026-12-01,133
